微博id,微博正文,头条文章url,原始图片url,微博视频url,发布位置,发布时间,发布工具,点赞数,转发数,评论数
Ji3P8lh9K,洞友们有没有什么推荐给父母养生保健的，食用外用都可以，疫情让父母只能回家乡谋生，每天工作都很辛苦，而我又在外面工作http://t.cn/RoePEjW  ,,无,无,无,2020-08-28 23:54,Emoticon发布工具,0,0,1
Ji3MHmBoY,哈哈哈，被不喜欢自己的人拒绝就算了，被喜欢自己的人拒绝，那只能证明我根本不是当男朋友的料，差劲得连喜欢自己的人都不愿意跟自己谈恋爱。唉，准备孤独一辈子吧，老天有眼特地让我隔绝爱情，反正我也不值得被爱http://t.cn/RoePEjW  ,,无,无,无,2020-08-28 23:48,Emoticon发布工具,0,0,0
Ji3D1q3FU,每天被我姐和我妹说腿粗，大象腿……整个假期都在说…………我妈就说刚刚好，别听她们的，我……http://t.cn/RoePEjW  原图 ,,http://wx3.sinaimg.cn/large/a54e2070ly1gi6xvsi7kxj20u00u0hdv.jpg,无,无,2020-08-28 23:24,Emoticon发布工具,1,0,8
Ji3y5B55e,发朋友圈，沉迷于p，美图秀秀的增高功能http://t.cn/RoePEjW  ,,无,无,无,2020-08-28 23:12,Emoticon发布工具,0,0,0
Ji3oloIO2,接2 更加没有每天的微信分享生活，但是联系一直没有断。我认真反复确认自己的心意。我应该不是喜欢他吧，大概只是欣赏这个人，当朋友很舒服，非要当情侣，真的浪费了这段感情。http://t.cn/RoePEjW  ,,无,无,无,2020-08-28 22:48,Emoticon发布工具,0,0,2
Ji3h3hvN5,接1。 觉得要跟他保持一定的距离，无论是说话上还是相处方式。有时候甚至会认真给出一定的意见给他女朋友挑礼物。可是后来他还是分手，我也没有窃喜。因为我知道他仍然不喜欢我，我也习惯了当他好朋友，我很喜欢跟他的相处方式。没有刻意的身体接触，没有暧昧的话语。http://t.cn/RoePEjW  ,,无,无,无,2020-08-28 22:30,Emoticon发布工具,0,0,0
Ji3eBCLDG,我对我的高中同学有好感很久了，但是我知道他不喜欢我，他也一直没有察觉我对他有好感，高中期间我们关系不错，晚修课偷偷吃零食聊天的那种。后来毕业了，我们一群朋友保持不错的关系，他也有了女朋友，我有一点点难过，但是没有很难受，很快就接受了他有女朋友的设定。http://t.cn/RoePEjW  ,,无,无,无,2020-08-28 22:24,Emoticon发布工具,0,0,0
Ji32ql5TG,艺术生想买平板画画！求推荐，最好3000左右的http://t.cn/RoePEjW  ,,无,无,无,2020-08-28 21:54,Emoticon发布工具,0,0,10
Ji2SH38GS,鮀浦福宁易购附近，有洗衣机空调冰箱  厨房用具也很全，400每月，招合租研友http://t.cn/RoePEjW  ,,无,无,无,2020-08-28 21:30,Emoticon发布工具,0,0,0
Ji2Qg3iEf,想在汕头花钱请一个家政保洁阿姨来学校清洁打扫一下宿舍 可行吗http://t.cn/RoePEjW  ,,无,无,无,2020-08-28 21:24,Emoticon发布工具,0,0,3
Ji2GwlMRE,医学院可真是强，期末考试两种评分标准！当初说小测重在参与，最后居然算入成绩。别的班平时分80起步，我们平时分60多！真是恶心人！也没见过这么恶心的！http://t.cn/RoePEjW  ,,无,无,无,2020-08-28 21:00,Emoticon发布工具,0,0,3
Ji2E4sI2P,我们在一起三年四个月，她很在乎我，但是她是专科的，在思维方式和处理问题上我们很不合适，除这以外她什么都好，我也很爱她，但是我们还是结束了，我不知道我要不要挽留。有没有人给个中肯建议。http://t.cn/RoePEjW  ,,无,无,无,2020-08-28 20:54,Emoticon发布工具,19,0,11
Ji2wLnRvZ,不懂为什么有把书院群当私聊的人诶。。。一般书院群都是屏蔽的就每天点进去看看老师有没有通知啥的 看到两个人和私聊一样刷了几十条闲聊就很难受。。是过渡校区才分配回来的人。多听少说是真的哇，多说话虽然容易引人注意但是也挺容易引人反感的额http://t.cn/RoePEjW  ,,无,无,无,2020-08-28 20:36,Emoticon发布工具,0,0,4
Ji2ul0QPr,学校有哪些充电车的地方http://t.cn/RoePEjW  ,,无,无,无,2020-08-28 20:30,Emoticon发布工具,0,0,2
Ji2ps81zL,11号中午12:25到达潮汕站，还有回校的滴滴捞一下吗http://t.cn/RoePEjW  ,,无,无,无,2020-08-28 20:18,Emoticon发布工具,0,0,1
Ji2n1cAIV,有一个把钱看的很重的母亲是什么体验（就比如让你找男朋友，有钱就行了，其他再说）http://t.cn/RoePEjW  ,,无,无,无,2020-08-28 20:12,Emoticon发布工具,1,0,3
Ji2dgBQ18,在家的好处就是能减肥，心情不好，饭吃的少，瘦了八斤。http://t.cn/RoePEjW  ,,无,无,无,2020-08-28 19:48,Emoticon发布工具,1,0,3
Ji2aPC4a7,研究生新生10.9号开学 当天到学校处理手续这些是赶得及的么 可以提前来吗http://t.cn/RoePEjW  ,,无,无,无,2020-08-28 19:42,Emoticon发布工具,0,0,4
Ji1WdlI6b,28号晚上7点之后，一起拼车回汕头大学的有吗http://t.cn/RoePEjW  ,,无,无,无,2020-08-28 19:06,Emoticon发布工具,0,0,1
Ji1Rlm7Y2,请问万能的洞友，新长的粉刺要怎么消炎？ 后续去红印甚至黑印的产品安利一下谢谢！ （烟酰胺之类的美白就不适合痘痘消炎别推啦）http://t.cn/RoePEjW  ,,无,无,无,2020-08-28 18:54,Emoticon发布工具,2,0,6
Ji1OUhXT8,突然想到宵夜，不让出去饿了怎么办…不是所有店宵夜都送外卖的呀ㅠㅠ而且起送好贵http://t.cn/RoePEjW  ,,无,无,无,2020-08-28 18:48,Emoticon发布工具,0,0,4
Ji1K2hggT,不知道为什么，从一开始的很紧张，到后面有种无所谓的感觉http://t.cn/RoePEjW  ,,无,无,无,2020-08-28 18:36,Emoticon发布工具,0,0,0
Ji1HCsipr,夏天夏天悄悄过去留下小秘密http://t.cn/RoePEjW  ,,无,无,无,2020-08-28 18:30,Emoticon发布工具,3,0,2
Ji1sZohaI,想问一下，宿舍洗衣房的烘干机烘完衣服会有异味吗?http://t.cn/RoePEjW  ,,无,无,无,2020-08-28 17:54,Emoticon发布工具,0,0,3
Ji1gPixez,想问下国庆可以带非本校的人员入内吗。。想带男朋友来逛校园http://t.cn/RoePEjW  ,,无,无,无,2020-08-28 17:24,Emoticon发布工具,2,0,3
Ji19wjavV,大家都有好姐妹啊，真好，每天的朋友圈都可以看到不同的姐妹团出去玩，喜欢社交，但，没有朋友，呵哈。虚幻的一切啊。http://t.cn/RoePEjW  ,,无,无,无,2020-08-28 17:06,Emoticon发布工具,1,0,7
Ji175f186,哭了，日流量额突然就变成了2ghttp://t.cn/RoePEjW  ,,无,无,无,2020-08-28 17:00,Emoticon发布工具,1,0,2
Ji0ZMfFWA,我又来了，这学期有朋友寄大件回学校吗？疫情期间德邦是不是不能进学校？但是顺丰又太贵了，普通快递有没有推荐的呀？http://t.cn/RoePEjW  ,,无,无,无,2020-08-28 16:42,Emoticon发布工具,1,0,2
Ji0NBgJKI,在学校，有没有什么简便早餐推荐，比如睡太晚了没时间吃的时候http://t.cn/RoePEjW  ,,无,无,无,2020-08-28 16:12,Emoticon发布工具,1,0,3
Ji0yZDXEj,微信单删了别人，再加回对方，对方会显示新好友加入吗……http://t.cn/RoePEjW  ,,无,无,无,2020-08-28 15:36,Emoticon发布工具,0,0,5
Ji0wzxoRq,如何早上从汕大出发，七点半到揭阳机场？http://t.cn/RoePEjW  ,,无,无,无,2020-08-28 15:30,Emoticon发布工具,0,0,2
Ji0rGn1ye,想捞个人，26号下午6点左右东门拿了奶茶又领了快递很瘦的小姐姐，齐刘海露脐装阔腿牛仔裤帆布鞋168左右。当时看到没有要微信很后悔，走后一直念念不忘，要是要见到一定冲上去认识http://t.cn/RoePEjW  ,,无,无,无,2020-08-28 15:18,Emoticon发布工具,1,0,5
Ji0d4iN6O,听说广东男孩纸和江苏女孩纸很搭( ´▽｀)http://t.cn/RoePEjW  ,,无,无,无,2020-08-28 14:42,Emoticon发布工具,3,0,15
Ji03l0Mbw,这波选择性封闭管理真是无语，修车的也能随便进进出出，学生不可以？http://t.cn/RoePEjW  ,,无,无,无,2020-08-28 14:18,Emoticon发布工具,7,0,10
JhZW2ABdg,好烦我妈，情绪起伏大，不爽就骂人，亲戚家小孩来家里，然后两个小屁孩平时在家不洗碗的，来我家就意思一下洗了我们家的碗，我们就当着许多人的面大声说，看看别人家的孩子，你们连他们一成都不如，真是神经病，平时我晾衣服也晾了，6月前在家碗也洗了总贬低自己孩子http://t.cn/RoePEjW  ,,无,无,无,2020-08-28 14:00,Emoticon发布工具,1,0,2
JhZTAq08G,想捞个人，26号下午6点左右东门拿了奶茶又领了快递很瘦的小姐姐，齐刘海露脐装阔腿牛仔裤帆布鞋。当时看到没有要微信很后悔，走后一直念念不忘，要是要见到一定冲上去认识http://t.cn/RoePEjW  ,,无,无,无,2020-08-28 13:54,Emoticon发布工具,0,0,1
JhZMi18zw,返校申请28号回去，截止现在27号下午五点还是待审批状态，学校效率能不能快一点啊！http://t.cn/RoePEjW  ,,无,无,无,2020-08-28 13:36,Emoticon发布工具,0,0,1
JhZJQ9fUO,28号下午四点左右，机场回汕大，有没有要拼车的呀http://t.cn/RoePEjW  ,,无,无,无,2020-08-28 13:30,Emoticon发布工具,1,0,0
JhZxHvX6x,树洞有的发了两天后才同步到微博，需要招管理员吗，我可以http://t.cn/RoePEjW  ,,无,无,无,2020-08-28 13:00,Emoticon发布工具,1,0,1
JhZves8lR,这个树洞是哪届师兄或者师姐创造的？运营需要钱吗http://t.cn/RoePEjW  ,,无,无,无,2020-08-28 12:54,Emoticon发布工具,2,0,0
JhZgCbLky,一旦国内承认风俗店合法，不婚率将创新高http://t.cn/RoePEjW  ,,无,无,无,2020-08-28 12:18,Emoticon发布工具,5,1,7
JhZ9jco4B,She was in the middle of writing an essay 这句话怎么翻译，in the middle是在什么期间的意思吗http://t.cn/RoePEjW  ,,无,无,无,2020-08-28 12:00,Emoticon发布工具,4,0,3
JhZ4ruqrq,为什么错http://t.cn/RoePEjW  原图 ,,http://wx2.sinaimg.cn/large/a54e2070ly1gi6drf45qqj20u01t0dlk.jpg,无,无,2020-08-28 11:48,Emoticon发布工具,4,0,9
JhYPPe6JW,想问一下19级28号回校的，你们的返校申请通过了吗？现在还在审批中的不会就我一个吧（十分担忧）http://t.cn/RoePEjW  ,,无,无,无,2020-08-28 11:12,Emoticon发布工具,1,0,3
JhYIwqPw8,机场有到汕大的大巴吗http://t.cn/RoePEjW  ,,无,无,无,2020-08-28 10:54,Emoticon发布工具,1,0,4
JhYG5eYy6,9月11日-16日潮汕站回学校的拼车如果还缺人的话在评论区留个言呗，还不确定自己买什么时候的票，想看看能不能凑一起再买。http://t.cn/RoePEjW  ,,无,无,无,2020-08-28 10:48,Emoticon发布工具,0,0,1
JhYwkEaz3,作为女生喜欢裸睡很奇怪吗？http://t.cn/RoePEjW  ,,无,无,无,2020-08-28 10:24,Emoticon发布工具,0,0,6
JhYtTEoiF,刚刚不小心听的老师打电话说28号返校2千多人，29号返校1千多人http://t.cn/RoePEjW  ,,无,无,无,2020-08-28 10:18,Emoticon发布工具,2,0,0
JhYp2gpSY,现在大家突突加油 可以不用牌吗http://t.cn/RoePEjW  ,,无,无,无,2020-08-28 10:06,Emoticon发布工具,0,0,2
JhYmBgDu8,在学校最后一年还要封闭管理，还和朋友说要在毕业前把整个汕头都游遍……没希望了……查了这么多攻略，都只能把它搁浅掉，我只想在我最后的学生生涯中玩疯点，毕竟再不玩就要被社会毒打了，打得伤痕累累就玩不动了，唉http://t.cn/RoePEjW  ,,无,无,无,2020-08-28 10:00,Emoticon发布工具,15,1,11
JhYaqzkKZ,计算机二级到底报啥？为啥有4个科目，身为计算机系的要选哪个呀？http://t.cn/RoePEjW  ,,无,无,无,2020-08-28 09:30,Emoticon发布工具,0,0,2
JhY36BcAN,可以延后返校吗？教务老师总是不给肯定的回答。http://t.cn/RoePEjW  ,,无,无,无,2020-08-28 09:12,Emoticon发布工具,0,0,1
JhXOvjBtP,181b的时间还是和以前一样吗？http://t.cn/RoePEjW  ,,无,无,无,2020-08-28 08:36,Emoticon发布工具,2,0,3
JhXM58FJw,你们有被驾校教练骂哭的经历吗 那种你不会 他又不给你教 只管骂的那种 有点难受http://t.cn/RoePEjW  ,,无,无,无,2020-08-28 08:30,Emoticon发布工具,10,0,8
JhXHc2Eb6,汕大学生千万不要去 汕头万墨补习机构！！！不仅要骗补习的学生我们是专业老师、而且还骗我们大学生的工资！去了绝对后悔！！！http://t.cn/RoePEjW  ,,无,无,无,2020-08-28 08:18,Emoticon发布工具,21,0,1
JhXszFunQ,现在一个片区就那么几个人，你他妈还不冲厕所，都不想说了http://t.cn/RoePEjW  ,,无,无,无,2020-08-28 07:42,Emoticon发布工具,1,0,0
JhXq8FIaY,汕大动漫社有群或者是讨论组吗呜呜呜 同好群也好啊！！ 想要找到同好orzhttp://t.cn/RoePEjW  ,,无,无,无,2020-08-28 07:36,Emoticon发布工具,2,0,5
JhXdYmNuu,是宿舍内还是只是走廊或楼梯啊http://t.cn/RoePEjW  原图 ,,http://wx2.sinaimg.cn/large/a54e2070ly1gi65lzqmhdj20uy09dabb.jpg,无,无,2020-08-28 07:06,Emoticon发布工具,3,0,3
JhXbybQWA,汕大动漫社有群或者是讨论组吗呜呜呜 想要找到同好orzhttp://t.cn/RoePEjW  ,,无,无,无,2020-08-28 07:00,Emoticon发布工具,0,0,1
JhVzGqbVT,有29号潮汕站回校本部的吗？求带http://t.cn/RoePEjW  ,,无,无,无,2020-08-28 02:54,Emoticon发布工具,0,0,0
JhVl4wXZI,有在网易实习过的朋友吗？感觉如何，比如加班情况、氛围等等。（知道每个项目组都不一样，就分享一下啦）http://t.cn/RoePEjW  ,,无,无,无,2020-08-28 02:18,Emoticon发布工具,2,0,1
JhV1Ck2Dj,想知道学校内现在有街兔吗？http://t.cn/RoePEjW  ,,无,无,无,2020-08-28 01:30,Emoticon发布工具,0,0,2
JhUMZoOap,想问一下至诚的床要是买床帘的话能用支架吗？还是用挂绳好一点http://t.cn/RoePEjW  ,,无,无,无,2020-08-28 00:54,Emoticon发布工具,0,0,1
JhUFGtOzh,今天正式开学，图书馆开了，全部食堂都开了，妹子们快回来了吧，想死你们了http://t.cn/RoePEjW  ,,无,无,无,2020-08-28 00:36,Emoticon发布工具,1,0,3
JhUAOugB3,有歌唱爱好者的群吗？可以约场K那种http://t.cn/RoePEjW  ,,无,无,无,2020-08-28 00:24,Emoticon发布工具,3,0,38
JhUynraDl,刚睡醒不到两小时又困了http://t.cn/RoePEjW  ,,无,无,无,2020-08-28 00:18,Emoticon发布工具,0,0,0
JhUmcq1hA,想问一下各位男生经常刮胡子吗http://t.cn/RoePEjW  ,,无,无,无,2020-08-27 23:48,Emoticon发布工具,1,0,11
JhUhllSYf,请问学校的详细邮寄地址是什么呀？开学前想提前寄点东西过来 http://t.cn/RoePEjW  ,,无,无,无,2020-08-27 23:36,Emoticon发布工具,2,0,2
JhUeW8Abv,MD 最烦装B的人http://t.cn/RoePEjW  ,,无,无,无,2020-08-27 23:30,Emoticon发布工具,8,0,6
JhU5bf57s,28号下午五点半左右潮汕站拼车到卫校的有吗？求带！http://t.cn/RoePEjW  ,,无,无,无,2020-08-27 23:06,Emoticon发布工具,0,0,5
JhU0i95iw,现在出不了校门的话 那在学校的同学突突怎么加油呢？http://t.cn/RoePEjW  ,,无,无,无,2020-08-27 22:54,Emoticon发布工具,0,0,6
JhTO7rINo,有在网易实习过的朋友吗？加班严重吗？其他方面感觉又如何？（除了伙食这种不去实习也知道的）不同项目组应该不同，就分享一下啦。http://t.cn/RoePEjW  ,,无,无,无,2020-08-27 22:24,Emoticon发布工具,2,1,0
JhTGNtDx7,零基础如何自学舞蹈？哔哩哔哩上的慢速教学视频都跟不上T_Thttp://t.cn/RoePEjW  ,,无,无,无,2020-08-27 22:06,Emoticon发布工具,15,0,13
JhTBWbdas,滴滴，9.11号晚上7:55到潮汕站，求带求带打车约一波回汕大吖留下联系方式，我们约一波http://t.cn/RoePEjW  ,,无,无,无,2020-08-27 21:54,Emoticon发布工具,0,0,2
JhTpL6Lqh,叹尘世妄言绝千恋http://t.cn/RoePEjW  ,,无,无,无,2020-08-27 21:24,Emoticon发布工具,0,0,4
JhTnjAPRL,有没有歌唱爱好者，想认识点小伙伴一起去唱Khttp://t.cn/RoePEjW  ,,无,无,无,2020-08-27 21:18,Emoticon发布工具,3,0,11
JhTg18KTi,如果你准备好了，就来找我吧 我等了太久了http://t.cn/RoePEjW  ,,无,无,无,2020-08-27 21:00,Emoticon发布工具,1,0,1
JhT6gfgUr,拼车！有28号下午五点半左右，潮汕站到卫校的嘛，求带！http://t.cn/RoePEjW  ,,无,无,无,2020-08-27 20:36,Emoticon发布工具,1,0,2
JhT3Qqjun,请问下学校体育馆和图书馆有没有通知什么时候开？不开体育馆那哪里还能打乒乓球？？http://t.cn/RoePEjW  ,,无,无,无,2020-08-27 20:30,Emoticon发布工具,0,0,2
JhSYXloai,大一会开始学法学专业课吗？ 有没有法学考研的学长学姐？想认识一下～http://t.cn/RoePEjW  ,,无,无,无,2020-08-27 20:18,Emoticon发布工具,0,0,3
JhSPdmeaj,看到新宿舍了。但我好纠结床位，有人能告诉我2号床是靠门口还是靠阳台吗？http://t.cn/RoePEjW  ,,无,无,无,2020-08-27 19:54,Emoticon发布工具,2,0,8
JhSD25GUb,有人返校申请审核通过了吗?为什么我的还是待审核状态http://t.cn/RoePEjW  ,,无,无,无,2020-08-27 19:24,Emoticon发布工具,0,0,4
JhSya2MhV,汕大用苹果的同学好多，羡慕有钱的孩子http://t.cn/RoePEjW  ,,无,无,无,2020-08-27 19:12,Emoticon发布工具,23,0,27
JhSjy7miz,最近这两天的洞文让人很受启发，世上总会有比我现在这位胸更大也更懂我的女生，凭什么我就断定我能跟她走到最后呢？......http://t.cn/RoePEjW  ,,无,无,无,2020-08-27 18:36,Emoticon发布工具,9,0,8
JhSh7BfCD,想问一下大家有没有想考公务员的，开学大三开始准备来得及吗，需要注意些什么，谢谢http://t.cn/RoePEjW  ,,无,无,无,2020-08-27 18:30,Emoticon发布工具,1,0,1
JhS2vqszK,想问问敬一修远明德的朋友们，没有冰箱的话，在宿舍煮面饼有什么可以下的吗?尽量耐放而且不易招惹杰瑞和小强，谢谢http://t.cn/RoePEjW  ,,无,无,无,2020-08-27 17:54,Emoticon发布工具,4,0,13
JhRVdzIdr,一点生活琐事的倾述，还有一些错别字http://t.cn/RoePEjW  原图 ,,http://wx1.sinaimg.cn/large/a54e2070ly1gi5i79jittj20u01d7th1.jpg,无,无,2020-08-27 17:36,Emoticon发布工具,3,0,3
JhRSNbyqc,去年，余额宝收益每天0.02，给你们看花呗分期还的利息……http://t.cn/RoePEjW  原图 ,,http://wx1.sinaimg.cn/large/a54e2070ly1gi5i110k9pj20u03pmgwq.jpg,无,无,2020-08-27 17:30,Emoticon发布工具,3,0,3
JhRJ1pVNm,汕大有没有吃鸡群，或者王者群，电竞群，lol群，或者其他游戏群http://t.cn/RoePEjW  ,,无,无,无,2020-08-27 17:06,Emoticon发布工具,2,0,6
JhRBJ2co3,自己专业的学弟一上来就问怎么转专业有点难受http://t.cn/RoePEjW  ,,无,无,无,2020-08-27 16:48,Emoticon发布工具,3,0,9
JhRwR3JjO,弘毅书院床的长宽是多少cm呢？http://t.cn/RoePEjW  ,,无,无,无,2020-08-27 16:36,Emoticon发布工具,0,0,1
JhRkFs4sT,9.11返校还要提交返校申请吗？什么时候提交呢？http://t.cn/RoePEjW  ,,无,无,无,2020-08-27 16:06,Emoticon发布工具,1,0,4
JhRaVv8jE,没那颜值拜托就别学绿茶说话了，容易引起不适http://t.cn/RoePEjW  ,,无,无,无,2020-08-27 15:42,Emoticon发布工具,5,0,7
JhR8uuewY,"失乐园有点shi，伊甸园有点dian,幼儿园有点yuanhttp://t.cn/RoePEjW  ",,无,无,无,2020-08-27 15:36,Emoticon发布工具,0,0,0
JhQTT8f9a,出身不太好的一般有几个共同特征：吃饭吧唧嘴，抖腿，公众场合吃有味食品，不经同意看别人屏幕http://t.cn/RoePEjW  ,,无,无,无,2020-08-27 15:00,Emoticon发布工具,101,1,13
JhQMzw7jt,我妈看新闻，看到有人放生了乌龟，然后又有其他人把这些放生乌龟抓了回来，被警察抓去了，为什么，我也不懂法律。也不知道怎么通俗易懂跟我妈解释，可以帮帮我吗http://t.cn/RoePEjW  ,,无,无,无,2020-08-27 14:42,Emoticon发布工具,2,0,3
JhQK96RTw,想问问各位女生：两个男生，一个相貌平平，但是是双眼皮，另一个清秀俊丽但是是单眼皮，很单。如果只能二选一当男友的话，你们怎么选？哦对，忘了加一句关键的，这两个男生其他条件都差不多http://t.cn/RoePEjW  ,,无,无,无,2020-08-27 14:36,Emoticon发布工具,15,0,14
JhQFh8pGc,现在女的择偶都要身高170+了，那身高没170+的男生岂不是没希望了.....http://t.cn/RoePEjW  ,,无,无,无,2020-08-27 14:24,Emoticon发布工具,17,0,11
JhQCPvUey,我有个怪癖，比如吧，某个同学的朋友圈已经有十几个认识的人点赞了，我看到本来内容好我也想点赞，可是我又觉得一点赞其他十几个人就知道了，自己觉得很尴尬，还有就是在通讯录差不多一年了，每次发朋友圈我都点赞她，她从不点赞我的那种人，真想删了，聊天也不聊天http://t.cn/RoePEjW  ,,无,无,无,2020-08-27 14:18,Emoticon发布工具,6,0,7
JhQoen6LJ,为啥感觉来新书院的都要买床帘之类的，是觉得好看吗???感觉搭那个也挺麻烦，高楼层的话夏天冬天基本都没啥蚊子，舍友3年都没用过。http://t.cn/RoePEjW  ,,无,无,无,2020-08-27 13:42,Emoticon发布工具,14,0,12
JhQlN6Oh0,延迟返校到底可不可以啊？教务总是不给一个肯定的答复，一直说等通知http://t.cn/RoePEjW  ,,无,无,无,2020-08-27 13:36,Emoticon发布工具,1,0,1
JhQeutqPb,有姐妹 种睫毛 过吗！推荐吗！ 还有纹眉！ 我想着纹眉也就省了化妆的时间了 推荐吗http://t.cn/RoePEjW  ,,无,无,无,2020-08-27 13:18,Emoticon发布工具,2,0,8
JhPV0pFIs,头大没落http://t.cn/RoePEjW  ,,无,无,无,2020-08-27 12:30,Emoticon发布工具,13,0,10
JhPGnxH3U,去年这个时候买的，但是疫情期间在学校放了八九个月，99新，有小伙伴要吗？100元http://t.cn/RoePEjW  原图 ,,http://wx1.sinaimg.cn/large/a54e2070ly1gi58bcxu6nj20u01t0tkr.jpg,无,无,2020-08-27 11:54,Emoticon发布工具,1,0,1
JhPDWjzWk,有没有人便宜出马克思呀http://t.cn/RoePEjW  ,,无,无,无,2020-08-27 11:48,Emoticon发布工具,1,0,5
JhPwEezoA,吵死了 在宿舍能不能想到跟你住的还有别人啊 平时大声就算了 休息时间能不能别吵 真的很打扰 还有放东西 关门能不能轻一点？？ 你不睡觉别人要睡啊 真的是 最近在宿舍住的怨气冲天 总有人自私的不行 只想到自己 http://t.cn/RoePEjW  ,,无,无,无,2020-08-27 11:30,Emoticon发布工具,23,0,6
JhPucC2fA,我真的好想你，但是我不能对你说http://t.cn/RoePEjW  ,,无,无,无,2020-08-27 11:24,Emoticon发布工具,0,1,1
JhPfAEolq,或许有人推荐宿舍用的床垫吗http://t.cn/RoePEjW  ,,无,无,无,2020-08-27 10:48,Emoticon发布工具,0,0,11
JhP8j9Ufe,请问回校的同学知道181b有营运吗？是不是181b也不能进学校？http://t.cn/RoePEjW  ,,无,无,无,2020-08-27 10:30,Emoticon发布工具,1,0,1
JhOYxojI5,树洞红有哪些同学http://t.cn/RoePEjW  ,,无,无,无,2020-08-27 10:06,Emoticon发布工具,6,0,18
JhORekxdJ,学校有几个食堂，有食堂的照片吗http://t.cn/RoePEjW  ,,无,无,无,2020-08-27 09:48,Emoticon发布工具,0,0,4
JhOHu3ObD,学校可以养狗吗http://t.cn/RoePEjW  ,,无,无,无,2020-08-27 09:24,Emoticon发布工具,16,0,10
JhOCCp5BV,明明两个人互相都有感觉，但一个要准备工作，一个要准备考研，唉http://t.cn/RoePEjW  ,,无,无,无,2020-08-27 09:12,Emoticon发布工具,6,0,5
JhNL3kP4Y,汕头的交通方便吗？出学校坐的出租车坑人吗http://t.cn/RoePEjW  ,,无,无,无,2020-08-27 07:00,Emoticon发布工具,6,0,7
JhM6KhLL6,希望，你的将来，一切都好http://t.cn/RoePEjW  ,,无,无,无,2020-08-27 02:48,Emoticon发布工具,2,0,0
JhM4jhZdy,宿舍可以贴墙纸吗？http://t.cn/RoePEjW  ,,无,无,无,2020-08-27 02:42,Emoticon发布工具,1,0,4
JhLUzEPh7,大家好，我来问一问11号下午4点36左右到潮汕站的朋友萌，有没有人要拼车车呀，2缺2http://t.cn/RoePEjW  ,,无,无,无,2020-08-27 02:18,Emoticon发布工具,0,0,2
JhLPHBWG1,在公开的地方给不同的女生做对比、分高低，即可获得女王大人的白眼。http://t.cn/RoePEjW  ,,无,无,无,2020-08-27 02:06,Emoticon发布工具,3,0,4
JhLNhyHVK,找个女朋友哈哈哈哈哈哈 稍微好看就行 欢迎评论http://t.cn/RoePEjW  ,,无,无,无,2020-08-27 02:00,Emoticon发布工具,27,0,12
JhLyFioaV,有没有同学是28号中午12.59潮汕站的，需要拼车吗。有需要的评论”有”http://t.cn/RoePEjW  ,,无,无,无,2020-08-27 01:24,Emoticon发布工具,0,0,2
JhIg6tqGR,汕头的女生好像比广州那边的好看http://t.cn/RoePEjW  ,,无,无,无,2020-08-26 17:00,Emoticon发布工具,83,0,43
JhI6lB5es,我最近好烦啊，好想跟你们说，可是又不是一两句就能说的清楚，唉，成年人都这样吗，朋友们有什么觉得烦恼的吗http://t.cn/RoePEjW  ,,无,无,无,2020-08-26 16:36,Emoticon发布工具,3,0,10
JhI1tAnAl,和朋友之间发生了很不开心的事情，哭了…可是不开心的事情谁也不想发生…但是我还是很不开心…心里也不想怪ta…唉，连那个朋友的信息也不想回了，还很讨厌ta...好矛盾，感性和理性的态度不一样… 怎么办http://t.cn/RoePEjW  ,,无,无,无,2020-08-26 16:24,Emoticon发布工具,5,0,4
JhHZ38UKe,大二，想问问同级的你们的存款。http://t.cn/RoePEjW  ,,无,无,无,2020-08-26 16:18,Emoticon发布工具,8,0,24
JhHRJBfxU,我这辈子最后悔的事情大概就是来了这里读研，不是学校不好，不是同学不好，单纯是因为遇到一个傻逼老板，奉劝各位，选择比努力重要的多!http://t.cn/RoePEjW  ,,无,无,无,2020-08-26 16:00,Emoticon发布工具,2,0,5
JhHPiBsFt,为什么同乡会的群都没人说话，感觉好冷漠啊http://t.cn/RoePEjW  ,,无,无,无,2020-08-26 15:54,Emoticon发布工具,3,0,8
JhGNYDGtL,学校现在有打印机可以用吗？http://t.cn/RoePEjW  ,,无,无,无,2020-08-26 13:18,Emoticon发布工具,0,0,3
JhGGHvaAz,我妈看新闻，看到有人放生了乌龟，然后又有其他人把这些放生乌龟抓了回来，拿出去卖，然后卖的人被警察抓去了，为什么，我也不懂法律。也不知道怎么通俗易懂跟我妈解释，可以帮帮我吗http://t.cn/RoePEjW  ,,无,无,无,2020-08-26 13:00,Emoticon发布工具,1,0,1
JhGEeExxw,中通可以怎么拿快递呀？不想绕一大圈去东门再绕回一大圈去校门……http://t.cn/RoePEjW  ,,无,无,无,2020-08-26 12:54,Emoticon发布工具,1,0,3
JhGpCpjfm,早知道会让人伤心透地，那当初我还是选择沉默http://t.cn/RoePEjW  ,,无,无,无,2020-08-26 12:18,Emoticon发布工具,0,0,1
JhGijteo7,游泳池开吗开吗开吗http://t.cn/RoePEjW  ,,无,无,无,2020-08-26 12:00,Emoticon发布工具,1,0,2
JhFYPuVOa,七夕节和男朋友去清吧过节，他说无聊想叫他的一个我不熟的兄弟一起来玩，想三个人一起？我拒绝他，他还说我局限他和朋友玩。http://t.cn/RoePEjW  ,,无,无,无,2020-08-26 11:12,Emoticon发布工具,15,0,17
JhFKdrNyw,凌晨02:39，有没有在宿舍被饿得睡不着的http://t.cn/RoePEjW  ,,无,无,无,2020-08-26 10:36,Emoticon发布工具,4,0,2
JhFHNoxLr,学生不能随意进出校园是怕感染新冠，但老师可以随意出入，那是不是因为学生是用肺呼吸而老师用的是腮呢？http://t.cn/RoePEjW  ,,无,无,无,2020-08-26 10:30,Emoticon发布工具,16,0,7
JhFAuDsod,想念图书馆里的这盏“明灯”http://t.cn/RoePEjW  原图 ,,http://wx3.sinaimg.cn/large/a54e2070ly1gi3zqxjnivj20u00u0qv5.jpg,无,无,2020-08-26 10:12,Emoticon发布工具,11,0,0
JhFy2ykWO,择偶标准:男 双眼皮 身高170及以上 性格好 有趣有责任心http://t.cn/RoePEjW  ,,无,无,无,2020-08-26 10:06,Emoticon发布工具,5,1,32
JhFlRfDbq,我涉水而过不代表拥有这条河http://t.cn/RoePEjW  ,,无,无,无,2020-08-26 09:36,Emoticon发布工具,2,0,0
JhFeyxPfV,或许这里有人喜欢朴佑镇吗http://t.cn/RoePEjW  ,,无,无,无,2020-08-26 09:18,Emoticon发布工具,0,0,2
JhFc7gsI4,28号12点左右潮汕站有人拼车嘛http://t.cn/RoePEjW  ,,无,无,无,2020-08-26 09:12,Emoticon发布工具,1,0,1
JhF2ndZnF,28号下午四点左右，机场回汕大，有人拼车吗(司机已经找好，二缺二)http://t.cn/RoePEjW  ,,无,无,无,2020-08-26 08:48,Emoticon发布工具,1,0,3
JhEZWBjHq,大胸也不见得都好吧？见过有的稍上点年纪，那对大奶瓶子就萎缩了、下垂了，垂得厉害，完全没法看！所以小也有小的好，我骄傲http://t.cn/RoePEjW  ,,无,无,无,2020-08-26 08:42,Emoticon发布工具,44,0,18
JhENLAaBo,假如爱没有天意http://t.cn/RoePEjW  ,,无,无,无,2020-08-26 08:12,Emoticon发布工具,1,0,2
JhELkfuAh,请问有人收鞋子吗，没咋穿的那种38.5（鞋子太多啦）(;ﾟДﾟ)!http://t.cn/RoePEjW  ,,无,无,无,2020-08-26 08:06,Emoticon发布工具,0,0,1
JhEz9CxcM,有同学申请了8月28日提前回校，但是申请还显示待审核的吗？有点捉急http://t.cn/RoePEjW  ,,无,无,无,2020-08-26 07:36,Emoticon发布工具,0,0,11
JhEuhyyQ1,军训可以带小风扇吗http://t.cn/RoePEjW  ,,无,无,无,2020-08-26 07:24,Emoticon发布工具,0,0,1
JhEkz7BaX,你们是怎么脱单的，我见到心动的女孩都不知道应该怎么搭讪http://t.cn/RoePEjW  ,,无,无,无,2020-08-26 07:00,Emoticon发布工具,7,0,9
JhCIGtOck,有28号12点左右在潮汕拼车的朋友嘛，求拼车，评论“有”我私信你http://t.cn/RoePEjW  ,,无,无,无,2020-08-26 02:54,Emoticon发布工具,0,0,2
JhCGg2mxt,650ml水杯够军训用吗，还是说需要更大的，不想再买一个了http://t.cn/RoePEjW  ,,无,无,无,2020-08-26 02:48,Emoticon发布工具,1,0,6
JhCrDvi0c,在家读《红楼梦》，第二遍了，感觉高鹗的续写根本不是那么回事儿！曹雪芹怎么没写完啊--啊！！！http://t.cn/RoePEjW  ,,无,无,无,2020-08-26 02:12,Emoticon发布工具,6,0,4
JhChTsQxC,现在学校附近租房，找个女舍友（本人女）一起备战考研！！http://t.cn/RoePEjW  ,,无,无,无,2020-08-26 01:48,Emoticon发布工具,0,0,1
JhC0S0kWB,之前看向往的生活，特仑苏有个养奶牛换牛奶的活动，已经换了两箱，现在活动日期快截止了，正在集的这箱估计完不成了，或许有人需要22.5的代金券买牛奶？http://t.cn/RoePEjW  原图 ,,http://wx4.sinaimg.cn/large/a54e2070ly1gi3jyu59hdj20p40vvkc6.jpg,无,无,2020-08-26 01:06,Emoticon发布工具,0,0,0
JhBMimbvM,你这是在叛逃！http://t.cn/RoePEjW  原图 ,,http://wx4.sinaimg.cn/large/a54e2070ly1gi3ixh5xsfj21400u0npd.jpg,无,无,2020-08-26 00:30,Emoticon发布工具,21,0,1
JhBCwmg43,想问一下，火车上不能带什么呀，我知道的是有压力的喷雾和酒精，还有什么呢，护肤品和化妆品可以带上去吗，会限重量吗，害怕过安检被扣下来，哭http://t.cn/RoePEjW  ,,无,无,无,2020-08-26 00:06,Emoticon发布工具,14,0,11
JhBltnJIw,请问返校的时候家长能一起进学校吗http://t.cn/RoePEjW  ,,无,无,无,2020-08-25 23:24,Emoticon发布工具,2,0,6
JhBe9rRKq,新书院的床是不是都没有支架呀？那蚊帐怎么挂呢，买那种带支架的？有没有推荐的呀，谢谢大噶http://t.cn/RoePEjW  ,,无,无,无,2020-08-25 23:06,Emoticon发布工具,0,0,7
JhAZzjZa2,军训的时候能随身带手机吗？http://t.cn/RoePEjW  ,,无,无,无,2020-08-25 22:30,Emoticon发布工具,8,0,7
JhAUG9y3E,想问一下弘毅上铺没有支架怎么安装蚊帐呢？http://t.cn/RoePEjW  ,,无,无,无,2020-08-25 22:18,Emoticon发布工具,0,0,4
JhAKW9l48,汕头好热 军训更苦http://t.cn/RoePEjW  ,,无,无,无,2020-08-25 21:54,Emoticon发布工具,7,0,3
JhAG49JLJ,有人开摩托回学校吗?http://t.cn/RoePEjW  ,,无,无,无,2020-08-25 21:42,Emoticon发布工具,0,0,1
JhAwjyYlZ,给好多人点了青蛙和布谷鸟，唯独没有人点给我http://t.cn/RoePEjW  ,,无,无,无,2020-08-25 21:18,Emoticon发布工具,3,0,9
JhAfhehco,11号15：49潮汕站回汕大 有小伙伴拼车吗http://t.cn/RoePEjW  ,,无,无,无,2020-08-25 20:36,Emoticon发布工具,0,0,1
JhAaoxA5p,27号晚上7：30潮汕站到学校有人拼车吗？181b是在学校门口下车吗？我不想进学校那么快，应该也进不去http://t.cn/RoePEjW  ,,无,无,无,2020-08-25 20:24,Emoticon发布工具,1,0,2
JhzYdkjDL,11号注册 14号正式上课 那我12 13号到校应该也可以吧？我怕赶不回来http://t.cn/RoePEjW  ,,无,无,无,2020-08-25 19:54,Emoticon发布工具,0,0,1
JhzQU5An0,医学生新生什么时候开学呀http://t.cn/RoePEjW  ,,无,无,无,2020-08-25 19:36,Emoticon发布工具,0,0,1
JhxT98iUq,军训晚上是做什么的呀？http://t.cn/RoePEjW  ,,无,无,无,2020-08-25 14:36,Emoticon发布工具,6,0,8
JhxQJeWfs,突然发现，初恋像刘亦菲，前女友像热巴，哎，我怎么一个也没抓住http://t.cn/RoePEjW  ,,无,无,无,2020-08-25 14:30,Emoticon发布工具,30,0,10
JhwUgdBNF,树洞不要吞我。。这个耳机在学校闲置了九个月，99新，低音超好，但是我在家买了新耳机了，所以想出掉，有人要嘛，一百元http://t.cn/RoePEjW  原图 ,,http://wx4.sinaimg.cn/large/a54e2070ly1gi2xf85tthj20u01t0ahm.jpg,无,无,2020-08-25 12:06,Emoticon发布工具,0,0,9
JhwKvyoXO,有9.11下午3：40左右到潮汕站的朋友吗？求拼车呀http://t.cn/RoePEjW  ,,无,无,无,2020-08-25 11:42,Emoticon发布工具,0,0,2
JhwI4mxaV,军训建议穿纯棉背心还是透气背心啊，纯棉背心吸太多汗会不会很黏？http://t.cn/RoePEjW  ,,无,无,无,2020-08-25 11:36,Emoticon发布工具,3,0,4
JhwvTAN4V,同学们寄大件回学校都寄的什么快递呀？德邦是送到哪里？http://t.cn/RoePEjW  ,,无,无,无,2020-08-25 11:06,Emoticon发布工具,0,0,10
Jhwr1jCGz,同乡的新生，群聊加我，一天要问我一大堆关于学校，专业的问题，因为同专业，真的被问到烦了，我又不是助班http://t.cn/RoePEjW  ,,无,无,无,2020-08-25 10:54,Emoticon发布工具,10,0,14
Jhw9Ynj8I,快开学了，想找个小姐姐一起坚持跑步，一起去图书馆学习，一起变优秀，有没有http://t.cn/RoePEjW  ,,无,无,无,2020-08-25 10:12,Emoticon发布工具,12,0,16
JhvXNqyOI,请问现在图书馆能借书吗？不进去，预约然后取书行吗http://t.cn/RoePEjW  ,,无,无,无,2020-08-25 09:42,Emoticon发布工具,1,0,2
JhvQuq6L4,军训分算入绩点里面吗http://t.cn/RoePEjW  ,,无,无,无,2020-08-25 09:24,Emoticon发布工具,0,0,3
JhvO3Dufb,我想问一下今年的军服是有短袖的吗，还是只有一件长袖；内腰带是干什么用的；可以买纯棉背心吗http://t.cn/RoePEjW  ,,无,无,无,2020-08-25 09:18,Emoticon发布工具,0,0,11
Jhv1lvCQC,我想问一下，汕头大学在广东省的排名是多少啊，有没有人详细列出顺序http://t.cn/RoePEjW  ,,无,无,无,2020-08-25 07:18,Emoticon发布工具,8,0,18
JhuWtuXQW,我希望我突然猝死，或者突然被意外死亡，活着好累啊http://t.cn/RoePEjW  ,,无,无,无,2020-08-25 07:06,Emoticon发布工具,2,0,12
JhtaSFB5V,要不要买个小锅在宿舍用，但感觉我买就只会煮面的样子，就是那种把水放进去，把面扔进去，咕噜咕噜几下就煮好的那种http://t.cn/RoePEjW  ,,无,无,无,2020-08-25 02:36,Emoticon发布工具,3,0,12
Jht19i5sG,闺蜜结婚送什么礼物比较好啊，平时不化妆，口红也不爱正红色，没法送999(ㄒoㄒ)http://t.cn/RoePEjW  ,,无,无,无,2020-08-25 02:12,Emoticon发布工具,1,0,8
JhsYHEsVI,大家有什么好的男生品牌鞋子推荐吗，要质量好的http://t.cn/RoePEjW  ,,无,无,无,2020-08-25 02:06,Emoticon发布工具,13,0,12
JhsK6iuiv,今年的英语四级在哪里考呀？http://t.cn/RoePEjW  ,,无,无,无,2020-08-25 01:30,Emoticon发布工具,0,0,0
JhsFeAvhk,好奇女生们的爸爸是否会要求你们家里家务活全干，有客人来的时候能独立炒所有菜给大家吃，学习还要好，要懂得操持未来夫家的上上下下，未来做个懂得三从四德的贤良好妻子，不然就注定是会被婆家骂或者退回（他自己的说法），给自己父母丢脸http://t.cn/RoePEjW  ,,无,无,无,2020-08-25 01:18,Emoticon发布工具,26,0,29
JhsCNBPbr,等到九月十一号去学校，好晚了呀http://t.cn/RoePEjW  ,,无,无,无,2020-08-25 01:12,Emoticon发布工具,0,0,3
Jhsvve5tq,大家比较喜欢自己的对象是学什么专业的，在汕大已有专业里，你们会选择同专业的吗http://t.cn/RoePEjW  ,,无,无,无,2020-08-25 00:54,Emoticon发布工具,9,0,13
Jhsesbeoz,有没有弘毅或者知行时段要从叠金搬家去本部的同学？最好是落单那种，可以互相帮忙搬行李到楼下，评论或者点赞我私聊你噢！http://t.cn/RoePEjW  ,,无,无,无,2020-08-25 00:12,Emoticon发布工具,0,0,0
Jhs2hsKDu,想问问各位男生：两个女生，一个相貌平平，但有着一副大胸，另一个容貌姣好却天生一副平胸，平如兄弟。如果只能二选一当女友的话，你们怎么选？哦对，忘了加一句关键的，这两个女生其他条件都差不多http://t.cn/RoePEjW  ,,无,无,无,2020-08-24 23:42,Emoticon发布工具,58,0,17
JhrZQwf0a,穿假鞋心理上过不去http://t.cn/RoePEjW  ,,无,无,无,2020-08-24 23:36,Emoticon发布工具,0,0,17
JhrSxwU56,真的好怀疑啊，爱情是什么呢，即使现在喜欢这个人，总有一天也会轻易喜欢上别人的吧。http://t.cn/RoePEjW  ,,无,无,无,2020-08-24 23:18,Emoticon发布工具,14,0,6
JhrBuhTBv,大家好。请问有没有人要卖ELC4的英语课本呀？求课本！http://t.cn/RoePEjW  ,,无,无,无,2020-08-24 22:36,Emoticon发布工具,1,0,3
JhrmUjVQp,你们觉得需要小组合作完成的学习任务，哪一部分最容易划水？我觉得是完成自己那部分的时候http://t.cn/RoePEjW  ,,无,无,无,2020-08-24 22:00,Emoticon发布工具,1,0,1
JhrkreYEi,七夕到了，你一定要快乐呀!http://t.cn/RoePEjW  ,,无,无,无,2020-08-24 21:54,Emoticon发布工具,5,0,2
Jhr8gjl5X,想问一下，返校前连续14天打卡，但中间断了几天，会申请失败吗http://t.cn/RoePEjW  ,,无,无,无,2020-08-24 21:24,Emoticon发布工具,1,0,2
Jhr0Xm9zA,其实能吃真的是福，看着自己家人做完胃镜后每天饭前饭后吃西药早晨傍晚喝中药，饮食受限制，觉得太难受了。健康真的很重要呀。小仙女们就不要节食减肥啦。最后祝洞友们都健健康康的(๑• . •๑)http://t.cn/RoePEjW  ,,无,无,无,2020-08-24 21:06,Emoticon发布工具,13,0,4
JhqW4Futp,28号就要返校了，返校好像并没有想象中的那么开心http://t.cn/RoePEjW  ,,无,无,无,2020-08-24 20:54,Emoticon发布工具,11,0,3
JhqTE48aW,请问学校发的银行卡会扣年费吗?http://t.cn/RoePEjW  ,,无,无,无,2020-08-24 20:48,Emoticon发布工具,0,0,6
JhqxJ76G1,大家好，想问问，不在校，所以弄不了那些纸质材料啥的，那怎么专业课申请免听http://t.cn/RoePEjW  ,,无,无,无,2020-08-24 19:54,Emoticon发布工具,0,0,2
JhqnZpznH,为啥快递员给我打电话说进不进去近邻宝？学校不能进？http://t.cn/RoePEjW  ,,无,无,无,2020-08-24 19:30,Emoticon发布工具,1,0,2
Jhqly7552,请问思源顶楼有晒被子的架子或者绳子吗，还是要自备? http://t.cn/RoePEjW  ,,无,无,无,2020-08-24 19:24,Emoticon发布工具,1,0,3
JhqgF9S6w,求助师兄师姐：军训服只能买一套吗？http://t.cn/RoePEjW  ,,无,无,无,2020-08-24 19:12,Emoticon发布工具,1,0,7
Jhqeex9Sh,想问一下，图书馆下面的elc还开吗，网上能预约老师的那种课还有吗？http://t.cn/RoePEjW  ,,无,无,无,2020-08-24 19:06,Emoticon发布工具,0,0,3
Jhq6VaKPZ,求2号或者3号有空的兄弟姐妹1～2个，最好住在德馨，帮忙从五楼搬几个箱子到一楼。奶茶酬可好？嘻嘻(♡˙︶˙♡) 点赞私聊（不会没有人理我叭）http://t.cn/RoePEjW  ,,无,无,无,2020-08-24 18:48,Emoticon发布工具,2,0,3
Jhq4uc2Hu,大概8月28号12点半到潮汕机场，有小伙伴可以拼车回学校吗http://t.cn/RoePEjW  ,,无,无,无,2020-08-24 18:42,Emoticon发布工具,0,0,0
JhpPTaUrB,想问一下如果准备九月出省旅游那现在提交申请时用现在的旅居轨迹截图也是可以的吗http://t.cn/RoePEjW  ,,无,无,无,2020-08-24 18:06,Emoticon发布工具,0,0,2
JhpL0dHJI,有在商学院读研的师兄师姐吗..http://t.cn/RoePEjW  ,,无,无,无,2020-08-24 17:54,Emoticon发布工具,0,0,0
JhpIA652S,汕头有什么比较好的店推荐吗？想烫发http://t.cn/RoePEjW  ,,无,无,无,2020-08-24 17:48,Emoticon发布工具,2,0,10
JhpyQ82vz,汕大附近或者市区有什么学水粉画的地方嘛（）http://t.cn/RoePEjW  ,,无,无,无,2020-08-24 17:24,Emoticon发布工具,3,1,2
JhptYbJZf,汕大有什么相亲的活动和组织吗http://t.cn/RoePEjW  ,,无,无,无,2020-08-24 17:12,Emoticon发布工具,2,0,16
JhphN8ovh,汕大有美女老师吗？只知道有个美女校长http://t.cn/RoePEjW  ,,无,无,无,2020-08-24 16:42,Emoticon发布工具,25,0,23
JhpcW5nHr,还没在本部点过外卖。肯德基和麦当劳能送到汕大吗？http://t.cn/RoePEjW  ,,无,无,无,2020-08-24 16:30,Emoticon发布工具,3,0,5
Jhp0Lo27K,为什么就弘毅不让别的书院的学生进啊，特别一些吗。。。http://t.cn/RoePEjW  ,,无,无,无,2020-08-24 16:00,Emoticon发布工具,3,0,6
JhoTrdPW1,给我看看你们的支付宝基金http://t.cn/RoePEjW  ,,无,无,无,2020-08-24 15:42,Emoticon发布工具,3,0,2
JhoR0skBL,如何催亲戚还钱……当时陪舅妈去弄中国移动的活动，说免费送加湿器。绑定花呗600额度，我现在每个月被扣25，她还没还我钱http://t.cn/RoePEjW  ,,无,无,无,2020-08-24 15:36,Emoticon发布工具,0,0,3
JhozXhIqX,节食减肥好难，我好饿啊啊啊啊啊我想吃肉http://t.cn/RoePEjW  ,,无,无,无,2020-08-24 14:54,Emoticon发布工具,8,0,14
JhollAACh,师弟们！强烈推荐哈喽顺风车，拼车出行超级便宜！！！从市区到机场一个人才20块！！ps，女生建议结伴出行http://t.cn/RoePEjW  ,,无,无,无,2020-08-24 14:18,Emoticon发布工具,3,0,1
Jho4iihTC,涂鸦墙的门要成为利用率最高的门了http://t.cn/RoePEjW  ,,无,无,无,2020-08-24 13:36,Emoticon发布工具,6,0,5
JhnZqBnQK,啊啊啊啊啊啊啊不许再吞我的小纸条啦！！！请问有同学能帮忙去邮政拿两个包裹吗 有偿 请评论区留言(ﾉ)`ω´(ヾ)http://t.cn/RoePEjW  ,,无,无,无,2020-08-24 13:24,Emoticon发布工具,1,0,1
JhnPHr5gF,学校超市要倒闭了，货架空了一个礼拜，要啥没啥，牛奶泡面空空如也http://t.cn/RoePEjW  ,,无,无,无,2020-08-24 13:00,Emoticon发布工具,6,0,8
JhnKOgH5i,有没有朋友是913回去的，一起拼个车？（问了老师说返校不可提前可延后http://t.cn/RoePEjW  ,,无,无,无,2020-08-24 12:48,Emoticon发布工具,0,0,1
JhnIngT1a,是提交了返校申请就可以返校吗?如何看返校申请有没有被审核通过?http://t.cn/RoePEjW  ,,无,无,无,2020-08-24 12:42,Emoticon发布工具,0,0,4
JhnB4CoZN,求求了不要再吞我了TAThttp://t.cn/RoePEjW  原图 ,,http://wx2.sinaimg.cn/large/a54e2070ly1gi1sbnlhopj20u00zetgk.jpg,无,无,2020-08-24 12:24,Emoticon发布工具,17,0,6
JhnyD4xLE,汕大附近有推荐的学跳舞地方吗？http://t.cn/RoePEjW  ,,无,无,无,2020-08-24 12:18,Emoticon发布工具,1,0,9
JhnoT26mo,"淦,以后得找到带有不容易蛀牙基因的人,我不想霍霍下一代了。http://t.cn/RoePEjW  ",,无,无,无,2020-08-24 11:54,Emoticon发布工具,1,0,5
Jhnah5Af0,和室友没有什么交流 一个人走去上课去食堂吃饭都好孤独唉好羡慕其他宿舍的能一起上课一起吃饭一起去玩啊http://t.cn/RoePEjW  ,,无,无,无,2020-08-24 11:18,Emoticon发布工具,2,0,6
Jhn306X84,请问有同学能帮忙去邮政拿两个包裹吗 有偿 请评论区留言(ﾉ)`ω´(ヾ)  http://t.cn/RoePEjW  ,,无,无,无,2020-08-24 11:00,Emoticon发布工具,1,0,0
Jhn0x4c1O,从期待聊天，到期待见面，然后整天聊天，然后开始厌倦，接着疲于见面，然后懒得回复。得不到的永远在骚动，被偏爱的，都有恃无恐http://t.cn/RoePEjW  ,,无,无,无,2020-08-24 10:54,Emoticon发布工具,5,0,5
JhmOmqa0I,四个人群聊的学妹，一直问问题，就是不加我，我是女的，但我还是觉得怪怪的。http://t.cn/RoePEjW  ,,无,无,无,2020-08-24 10:24,Emoticon发布工具,8,0,7
JhmH39bRU,军训对袜子有要求？黑色还要露出来？http://t.cn/RoePEjW  ,,无,无,无,2020-08-24 10:06,Emoticon发布工具,1,0,14
JhmEDlmCM,有一个人我很想她，但是我不能告诉她。只能在树洞这里表达我的思念了。http://t.cn/RoePEjW  ,,无,无,无,2020-08-24 10:00,Emoticon发布工具,5,0,5
Jhmq09zoh,有时候真的很不喜欢我妈，把钱看的太重，工作不喜欢想走，问的第一句是早走了最后一个月的工资还能拿得到吗，找了新工作，只关心，工资多少，找了男朋友也是啥都不问上来就是“他有钱吗”，真的很多时候我真的很不喜欢在她面前谈这个，因为每次一说就是钱钱钱http://t.cn/RoePEjW  ,,无,无,无,2020-08-24 09:24,Emoticon发布工具,10,0,5
JhmnyzgYe,请问现在在学校能喝到奶茶吗（不是优乐美香飘飘等）http://t.cn/RoePEjW  ,,无,无,无,2020-08-24 09:18,Emoticon发布工具,1,0,8
JhmiGzHC5,近邻宝是搬到了弘毅旁边吗？！ 开学想把一些行李寄回去，请问近邻宝现在现存还有哪几家快递，怕弄错，不想到时去东门拿了...http://t.cn/RoePEjW  ,,无,无,无,2020-08-24 09:06,Emoticon发布工具,0,0,3
JhjvM4neW,学校应该没有181b了吧，不然的话坐上车就能出校门了？http://t.cn/RoePEjW  ,,无,无,无,2020-08-24 02:00,Emoticon发布工具,1,0,5
Jhjot67G4,去哪里都没有家的感觉，只想自己努力一点给自己一个有安全感的窝呢http://t.cn/RoePEjW  ,,无,无,无,2020-08-24 01:42,Emoticon发布工具,8,0,1
JhjjCxSQT,经常看到好看的杯子，用到好用的护手霜或者别的东西都想买两份给一份给你，新学会的菜想做成便当带给你，想晚上一起在学校散步，喝着奶茶去水库吹风，一起去猫咖撸猫，可惜没有这个机会了，我还喜欢你，但是大概已经晚了，所以还是不要让你知道好了http://t.cn/RoePEjW  ,,无,无,无,2020-08-24 01:30,Emoticon发布工具,5,0,1
JhjciFgUY,封闭管理只针对学生的吗？http://t.cn/RoePEjW  ,,无,无,无,2020-08-24 01:12,Emoticon发布工具,0,0,3
JhiXHid7Q,29号搬宿舍23号都还没出敬一的宿舍安排。。。http://t.cn/RoePEjW  ,,无,无,无,2020-08-24 00:36,Emoticon发布工具,1,0,3
JhiSPo79j,要搬走了，我好舍不得他和那群小伙伴们，天天都崩溃到哭，我就是一个爱哭鬼http://t.cn/RoePEjW  ,,无,无,无,2020-08-24 00:24,Emoticon发布工具,0,0,3
JhiQoFUZo,每次想到18届没有免学费，分数缺不低。就抑郁。如果有那个勇气的话，早都复读了。害。http://t.cn/RoePEjW  ,,无,无,无,2020-08-24 00:18,Emoticon发布工具,18,0,9
JhipCjWpZ,洞友们，现在学校还有181b 吗？发车时间有变吗http://t.cn/RoePEjW  ,,无,无,无,2020-08-23 23:12,Emoticon发布工具,0,0,1
JhiaZqRKn,想问问各位女生：两个男生，一个只有165，但有着接近爱豆的长相，另一个181却相貌平平。如果只能二选一当男友的话，你们怎么选？哦对，忘了加一句关键的，这两个男生其他条件都差不多http://t.cn/RoePEjW  ,,无,无,无,2020-08-23 22:36,Emoticon发布工具,40,0,30
Jhi8yFplF,大家上大学后还喜欢参加高中同学的聚会吗，很多其他同学上了名牌大学，我去聚会好没面子http://t.cn/RoePEjW  ,,无,无,无,2020-08-23 22:30,Emoticon发布工具,35,0,17
JhhWoBRy2,汕大和那些大学有联谊http://t.cn/RoePEjW  ,,无,无,无,2020-08-23 22:00,Emoticon发布工具,13,0,10
JhhRw0TcN,现在学校里面可以寄快递吗http://t.cn/RoePEjW  ,,无,无,无,2020-08-23 21:48,Emoticon发布工具,0,0,2
JhhHLshVO,天天快递寄到校内要去哪拿啊，近邻宝现在搬到哪去了http://t.cn/RoePEjW  ,,无,无,无,2020-08-23 21:24,Emoticon发布工具,0,0,2
JhhCTcevx,进了2020新生群，刷到一张图片说活跃的师姐是师兄挑剩下的，下面竟然有人应和说确实，优质的师姐早没了，什么脑子？http://t.cn/RoePEjW  ,,无,无,无,2020-08-23 21:12,Emoticon发布工具,81,0,15
JhhAs82FH,28号回叠金有饭吃么http://t.cn/RoePEjW  ,,无,无,无,2020-08-23 21:06,Emoticon发布工具,0,0,0
JhhqIa2rs,住修远不用自己搞厕所卫生也挺好的http://t.cn/RoePEjW  ,,无,无,无,2020-08-23 20:42,Emoticon发布工具,2,0,1
Jhhohv51V,私家车不是不可以进学校的吗 想到要把行李从正门拖到宿舍去 我就不想开学了http://t.cn/RoePEjW  ,,无,无,无,2020-08-23 20:36,Emoticon发布工具,3,0,3
JhhgYe7TG,有没有以后打算去霓虹读研的朋友（￣▽￣）／http://t.cn/RoePEjW  ,,无,无,无,2020-08-23 20:18,Emoticon发布工具,2,0,2
Jhhc6eziY,这个 官宣一下哈 李洙赫，我男人(￣▼￣)http://t.cn/RoePEjW  ,,无,无,无,2020-08-23 20:06,Emoticon发布工具,1,0,1
JhgXv93AQ,学生票优惠区间是广州南到潮汕站，我可以买到汕头站吗，有人试过吗http://t.cn/RoePEjW  ,,无,无,无,2020-08-23 19:30,Emoticon发布工具,0,0,6
JhgNJoxm7,饭堂阿姨可不可以不要弄得饭盒周围都是汁啊(˶‾᷄ ⁻̫ ‾᷅˵)http://t.cn/RoePEjW  ,,无,无,无,2020-08-23 19:06,Emoticon发布工具,4,0,4
JhgGqo4O0,有个生活像个巨婴 学习也不主动 说话当耳边风的弟弟 其实我觉得不关我事 但是就很想一拳锤爆他的狗头http://t.cn/RoePEjW  ,,无,无,无,2020-08-23 18:48,Emoticon发布工具,13,0,8
JhgDZFR8n,让我对一个游戏丧失兴趣的永远是其他玩家http://t.cn/RoePEjW  ,,无,无,无,2020-08-23 18:42,Emoticon发布工具,4,0,15
JhgrP10uB,想知道大一计算机专业上的是什么课，有计算机的师兄师姐吗？http://t.cn/RoePEjW  ,,无,无,无,2020-08-23 18:12,Emoticon发布工具,3,0,9
JhgmYtPqx,你会怨我吗http://t.cn/RoePEjW  ,,无,无,无,2020-08-23 18:00,Emoticon发布工具,0,0,4
Jhf4B1Cgp,一有人想靠近我一点，我会后退千万步保持距离。烦。http://t.cn/RoePEjW  ,,无,无,无,2020-08-23 14:42,Emoticon发布工具,5,0,1
Jhf29lNci,竭力学习你的兴趣，希望能靠近一点点距离，而你的敷衍表明这没戏，别会错意只是遵守礼仪，联系已经成为你的压力，你可知我还在等你的回信，对着山和大海还会有回音，对不起我太在意，而你是真不在意。http://t.cn/RoePEjW  ,,无,无,无,2020-08-23 14:36,Emoticon发布工具,5,0,4
JheUQqQNC,得到了就不想要了http://t.cn/RoePEjW  ,,无,无,无,2020-08-23 14:18,Emoticon发布工具,2,0,3
JheL6nk1a,马应龙对我已经没有用了，怎么办…难不成要做手术，手术好像很贵…∠( ᐛ 」∠)＿http://t.cn/RoePEjW  ,,无,无,无,2020-08-23 13:54,Emoticon发布工具,5,0,8
JheGeFiKG,大家对于远嫁都是怎么看的呀，父母明确不同意嫁外省的。很怕付出了自己如此多心血的感情会是一场空…虽然这种问题或许请教那些远嫁的已婚人士比较好，但是我真的太担心了http://t.cn/RoePEjW  ,,无,无,无,2020-08-23 13:42,Emoticon发布工具,29,0,11
JheDNsl0A,大家换手机时怎么转移相册照片的？以前换手机时把照片全传到抠抠空间相册，后来发现图片全糊了，查了说是时间一长就会自动压缩画质(?sjb) 我实在舍不得手机存的好几g表情包和梗图，在线求个便捷转移方法(最好是不用借助电脑的，也不用花钱的方法http://t.cn/RoePEjW  ,,无,无,无,2020-08-23 13:36,Emoticon发布工具,5,0,12
Jhewuoz7V,：明德五人间怎么样，会不会很挤，宿舍过道能让两个人并肩前行吗，宿舍是床对床吗http://t.cn/RoePEjW  ,,无,无,无,2020-08-23 13:18,Emoticon发布工具,2,0,9
Jheu40s3p,明德五人间怎么样，会不会很挤，宿舍过道能让两个人并肩前行吗，宿舍是床对床吗http://t.cn/RoePEjW  ,,无,无,无,2020-08-23 13:12,Emoticon发布工具,0,0,3
JhemKsJGN,研究生到底什么时候开学能不能给个准信，就真当研究生是孤儿?半年没去学校，让要做实验的工科生拿什么毕业?http://t.cn/RoePEjW  ,,无,无,无,2020-08-23 12:54,Emoticon发布工具,10,0,9
JhehSufrk,想问一下 弘毅在我们返校 行李太多的时候 会不会安排个小拖车给我们拉行李呀http://t.cn/RoePEjW  ,,无,无,无,2020-08-23 12:42,Emoticon发布工具,0,0,6
Jhefs2N5g,听说近邻宝搬到弘毅书院那边了，想问下至诚书院旁边还有什么快递点方便拿的吗（别吞了）http://t.cn/RoePEjW  ,,无,无,无,2020-08-23 12:36,Emoticon发布工具,0,0,3
JhdVXeyp2,掌握不了经济大权，没有经济能力，在家讲话就是没底气，唉。也不能反驳。http://t.cn/RoePEjW  ,,无,无,无,2020-08-23 11:48,Emoticon发布工具,5,0,2
JhdHlbsQi,。怎么会有我这么喜欢吃的人！！怎么会有对吃不感兴趣的人！！http://t.cn/RoePEjW  ,,无,无,无,2020-08-23 11:12,Emoticon发布工具,10,0,5
JhdCumHfA,从前有个人，她告诉她的朋友说，她要减肥了。朋友说，加油，希望下次见面能见到她努力的结果。于是，她们再也没见过面。http://t.cn/RoePEjW  ,,无,无,无,2020-08-23 11:00,Emoticon发布工具,11,0,6
JhdvahZDi,宝贝不理我了，呜呜呜http://t.cn/RoePEjW  ,,无,无,无,2020-08-23 10:42,Emoticon发布工具,4,0,3
JhdsJxA4D,我妈和我聊微信，只是为了和我说家里的烦心事，和我爸吵架的事情，家务的事情，和我爸冷战的事情http://t.cn/RoePEjW  ,,无,无,无,2020-08-23 10:36,Emoticon发布工具,13,0,13
JhdnSaLfg,出一个小米体重秤2全新未拆  ￥45  有意评论非诚勿扰http://t.cn/RoePEjW  原图 ,,http://wx2.sinaimg.cn/large/a54e2070ly1gi0j8hzub3j20u01t011r.jpg,无,无,2020-08-23 10:24,Emoticon发布工具,0,0,3
Jhde93Jp2,敬一移动4G信号差，时而变成2Ghttp://t.cn/RoePEjW  ,,无,无,无,2020-08-23 10:00,Emoticon发布工具,4,0,7
JhdbGeaGU,28号叠金学生们晚上打算住哪里呀？不敢住宿舍了http://t.cn/RoePEjW  ,,无,无,无,2020-08-23 09:54,Emoticon发布工具,5,0,7
Jhd1XdKsN,呕，渣男渣女真多，恶心死了。http://t.cn/RoePEjW  ,,无,无,无,2020-08-23 09:30,Emoticon发布工具,2,0,0
JhcZuDCBq,那个人说剪辑p图好的，我妹用的又不是ps pr，，用的是美图秀秀黄油相机剪映这些，能好在吗哪啊，一p p两天，每个下午躺在家里按手机，p到晚上才好，还以为自己多伟大http://t.cn/RoePEjW  ,,无,无,无,2020-08-23 09:24,Emoticon发布工具,3,0,8
Jhc34zybS,过渡校区28号回校可以先回本部清空行李箱吗http://t.cn/RoePEjW  ,,无,无,无,2020-08-23 07:00,Emoticon发布工具,1,0,4
JhajTda91,军训期间的周末一般要干嘛？http://t.cn/RoePEjW  ,,无,无,无,2020-08-23 02:36,Emoticon发布工具,2,0,5
Jha0pzLdn,研究了下香奶奶的香水，然而并没有可以送的人http://t.cn/RoePEjW  ,,无,无,无,2020-08-23 01:48,Emoticon发布工具,1,0,5
Jh9Of9b2v,有些人是把新生群当扩列群吗http://t.cn/RoePEjW  ,,无,无,无,2020-08-23 01:18,Emoticon发布工具,23,0,11
Jh9Jn9BCv,下学期有公益课的话，实习要怎么办http://t.cn/RoePEjW  ,,无,无,无,2020-08-23 01:06,Emoticon发布工具,0,0,1
Jh9zE6Xxf,大家的电脑是什么价位的，有推荐的品牌吗http://t.cn/RoePEjW  ,,无,无,无,2020-08-23 00:42,Emoticon发布工具,8,0,30
Jh9uMFuIO,汕大今年在外省好几个省断档了，在我省降了三十多分。唉╯﹏╰，以后真没勇气和别人对喷了。http://t.cn/RoePEjW  ,,无,无,无,2020-08-23 00:30,Emoticon发布工具,12,0,8
Jh9nss2GW,想问大家，怎么跟高年级的不同专业的室友相处？我是新搬过去，她们一直都在一个宿舍的，有点怕合不来。谢谢！http://t.cn/RoePEjW  ,,无,无,无,2020-08-23 00:12,Emoticon发布工具,71,0,20
Jh9l28hi5,明德有什么提高生活品质的建议吗http://t.cn/RoePEjW  ,,无,无,无,2020-08-23 00:06,Emoticon发布工具,10,0,6
Jh9dIw9oS,现在在学校的同学们 那个外卖都是送到校门口吗？http://t.cn/RoePEjW  ,,无,无,无,2020-08-22 23:48,Emoticon发布工具,0,0,5
Jh8Z7acht,明德的六人间会不会很挤呀...http://t.cn/RoePEjW  ,,无,无,无,2020-08-22 23:12,Emoticon发布工具,7,0,15
Jh8PnodS8,为什么要限制回学校的时间，之前拖拖拉拉办事，办公自动化发了拖现在开学限制时间？就？？http://t.cn/RoePEjW  ,,无,无,无,2020-08-22 22:48,Emoticon发布工具,0,0,1
Jh8KuyIG9,为什么有人说可以自己搬有人说不可以呀？到底哪个才是确切信息，问班委都是什么都不知道http://t.cn/RoePEjW  ,,无,无,无,2020-08-22 22:36,Emoticon发布工具,2,0,3
Jh8yjARdY,有女票，但还是期待和一个在异地的女生聊天，和她聊天时候很开心，她会找我，我也会找她，但是我很清楚我们不可能，我这是什么心态?http://t.cn/RoePEjW  ,,无,无,无,2020-08-22 22:06,Emoticon发布工具,61,0,22
Jh8vTtf7U,被我妹真的……生物英语都不好，开学高二了，还整天在家按手机看综艺，也不想着放假补起来，最近又沉迷上了p图日常超话那种类型，每天出去玩，回来就是沉迷p图和剪视频，不知道什么风气，表面朋友圈风风光光，实际上天天葛优躺p图剪出去玩的，视频无语了http://t.cn/RoePEjW  ,,无,无,无,2020-08-22 22:00,Emoticon发布工具,5,0,11
Jh8m9dxvq,有人收到医学院的校友助学金吗？都通知名额两个月了，是不是都还没到账？http://t.cn/RoePEjW  ,,无,无,无,2020-08-22 21:36,Emoticon发布工具,0,0,0
Jh8hgCkyL,理学院这是不打算招导生了？http://t.cn/RoePEjW  ,,无,无,无,2020-08-22 21:24,Emoticon发布工具,2,0,4
Jh8ePDDMK,最萌身高差大概为多少http://t.cn/RoePEjW  ,,无,无,无,2020-08-22 21:18,Emoticon发布工具,18,0,17
Jh82EkW1e,我虽然有起床气，可是早上7.在小区楼层放声高唱山歌的人是真的***** =)http://t.cn/RoePEjW  ,,无,无,无,2020-08-22 20:48,Emoticon发布工具,1,0,2
Jh7XMmtHI,上网课还蛮好的，可以一边上课一边旅行http://t.cn/RoePEjW  ,,无,无,无,2020-08-22 20:36,Emoticon发布工具,11,0,1
Jh7VmwmVu,有些人时间浪费在游戏或影剧。而我浪费在踌躇不前的焦虑。一遍又一遍的打开app又关闭。根本没有新的消息。不主动因为懒惰又孤僻。就这样时间一天天过去。没有面对现实的勇气。这样的剧本是真无趣。http://t.cn/RoePEjW  ,,无,无,无,2020-08-22 20:30,Emoticon发布工具,15,0,8
Jh7QtEFZT,希望科三能过，同天考科四驾驶证直接就下来了！搬宿舍就不用挤摆渡车啦！http://t.cn/RoePEjW  ,,无,无,无,2020-08-22 20:18,Emoticon发布工具,5,0,12
Jh7O2mbdY,问问大家最喜欢金庸笔下的哪个人物？http://t.cn/RoePEjW  ,,无,无,无,2020-08-22 20:12,Emoticon发布工具,1,0,17
Jh7GJkFwV,学校的心理咨询是在电话上聊吗还是面聊还是微信QQ聊??? 没预约过想知道过程是怎样的http://t.cn/RoePEjW  ,,无,无,无,2020-08-22 19:54,Emoticon发布工具,5,0,4
Jh7Ei5scd,有什么下饭的综艺吗，在校有点无聊QAQ http://t.cn/RoePEjW  ,,无,无,无,2020-08-22 19:48,Emoticon发布工具,16,0,19
Jh7uy2YeG,我比较喜欢和男生聊天，我是渣女吗http://t.cn/RoePEjW  ,,无,无,无,2020-08-22 19:24,Emoticon发布工具,5,0,7
Jh7s6uSyk,我总觉得和朋友诉苦是在打扰她，难道是因为我没有把她当做真朋友吗http://t.cn/RoePEjW  ,,无,无,无,2020-08-22 19:18,Emoticon发布工具,1,0,2
Jh7fVx1g6,看来比起颜值我还是更喜欢有才华的http://t.cn/RoePEjW  ,,无,无,无,2020-08-22 18:48,Emoticon发布工具,2,0,8
Jh78Ej14n,第一批回校真的好寂寞啊，饭堂菜也少，又不能出去……http://t.cn/RoePEjW  ,,无,无,无,2020-08-22 18:30,Emoticon发布工具,0,0,9
Jh76c8oUS,失而复得比一直拥有更令人欣慰，这种感觉就像入狱后刑满释放。给了我希望和力量。http://t.cn/RoePEjW  ,,无,无,无,2020-08-22 18:24,Emoticon发布工具,7,0,6
Jh6YT5JqH,有什么推荐的下饭综艺嘛，什么都行，首先自推一个，非正式会谈，我已经刷完了http://t.cn/RoePEjW  ,,无,无,无,2020-08-22 18:06,Emoticon发布工具,51,0,32
Jh6KimhyC,8.30号早上学校出发前往鮀滨职业技术学院广厦校区拼车有人吗http://t.cn/RoePEjW  ,,无,无,无,2020-08-22 17:30,Emoticon发布工具,4,0,2
Jh6HQs8fd,上学期叠金的水电费是卫校帮我们交了吗？怎么一直没扣？http://t.cn/RoePEjW  ,,无,无,无,2020-08-22 17:24,Emoticon发布工具,2,0,2
Jh6AxtT4t,17级的临床大三划分医院的时候的标准是什么呀。随机的还是？然后大四升大五实习还会换医院吗？如果换的话，那实习的医院的划分标准又是什么呀。http://t.cn/RoePEjW  ,,无,无,无,2020-08-22 17:06,Emoticon发布工具,1,0,6
Jh6y8c8Cg,不想加同乡会怎么了？为什么会有人小题大做呢？http://t.cn/RoePEjW  ,,无,无,无,2020-08-22 17:00,Emoticon发布工具,8,0,16
Jh6qNtDk9,班委发了通知说11号上学 那能不能12号才回去啊 以前没疫情的时候是可以的 但今年这情况学校会允许吗http://t.cn/RoePEjW  ,,无,无,无,2020-08-22 16:42,Emoticon发布工具,0,0,6
Jh6juufDM,军训可以美甲吗？？http://t.cn/RoePEjW  ,,无,无,无,2020-08-22 16:24,Emoticon发布工具,2,0,8
Jh6h3rbcZ,现在学校饭堂是只能打包了吗http://t.cn/RoePEjW  ,,无,无,无,2020-08-22 16:18,Emoticon发布工具,0,0,4
Jh69MhyqQ,请问学校789现在正常收邮政快递吗？想把行李先寄到学校去http://t.cn/RoePEjW  ,,无,无,无,2020-08-22 16:00,Emoticon发布工具,1,0,1
Jh67jwpLL,想问各位男性同胞希望七夕能收到什么礼物?真诚发问，希望你们不要不识抬举(http://t.cn/RoePEjW  ,,无,无,无,2020-08-22 15:54,Emoticon发布工具,20,0,22
Jh6017zmn,现在还有汕大附近的租房信息嘛？想回校考研，想找一个有洗衣机、厨房的地方http://t.cn/RoePEjW  ,,无,无,无,2020-08-22 15:36,Emoticon发布工具,0,1,2
Jh5SHxHQX,七夕大家准备干什么？http://t.cn/RoePEjW  ,,无,无,无,2020-08-22 15:18,Emoticon发布工具,22,0,21
Jh5IY94E6,到底是为什么要封闭式管理…老师不用管，校职工不用管，小学学生不用管……难道只有大学生可能感染流行病？只管理大学生防不住啊（个人觉得隔离两周差不多）http://t.cn/RoePEjW  ,,无,无,无,2020-08-22 14:54,Emoticon发布工具,18,0,8
Jh5GwxEyy,只能11号当天回学校吗，外省的孩子11号没有合适的票了啊http://t.cn/RoePEjW  ,,无,无,无,2020-08-22 14:48,Emoticon发布工具,1,0,6
Jh5rUA1sU,穷，造成了一切的病http://t.cn/RoePEjW  ,,无,无,无,2020-08-22 14:12,Emoticon发布工具,1,0,3
Jh5fJwHBT,请问汕大有暴雪群吗，新生想进http://t.cn/RoePEjW  ,,无,无,无,2020-08-22 13:42,Emoticon发布工具,1,0,7
Jh5dj8vt8,有没有同学便宜出英语L4的书啊，评论我私你呀～http://t.cn/RoePEjW  ,,无,无,无,2020-08-22 13:36,Emoticon发布工具,0,0,5
Jh58rceED,已经回学校的同学，请问是一点都不能出校门吗？http://t.cn/RoePEjW  ,,无,无,无,2020-08-22 13:24,Emoticon发布工具,11,0,5
Jh55ZxyoP,有人知道ah酒店用的一套沐浴露洗发水啥的是什么牌子的吗？之前住过一次很喜欢那个味道，淡淡的还很特别！！！http://t.cn/RoePEjW  ,,无,无,无,2020-08-22 13:18,Emoticon发布工具,0,0,2
Jh4YGyacO,京东快递能寄到学校里面吗http://t.cn/RoePEjW  ,,无,无,无,2020-08-22 13:00,Emoticon发布工具,0,0,2
Jh4TOyAmE,汕头有没有漫展http://t.cn/RoePEjW  ,,无,无,无,2020-08-22 12:48,Emoticon发布工具,1,0,7
Jh4RoePMA,女生会不会真的以为自己长得和自己发出来的照片一样吧http://t.cn/RoePEjW  ,,无,无,无,2020-08-22 12:42,Emoticon发布工具,27,1,15
Jh4HDlmBW,有人知道怎么和异性聊天吗？感觉没什么共同话题 以前经历过硬聊 觉得很不舒服 然后就完全不会主动和异性聊天了……http://t.cn/RoePEjW  ,,无,无,无,2020-08-22 12:18,Emoticon发布工具,3,0,2
Jh4FcjlLt,恭喜朱松玮！！！http://t.cn/RoePEjW  ,,无,无,无,2020-08-22 12:12,Emoticon发布工具,32,0,2
Jh4t1Ee55,要是你长得好看点。我回答问题也就耐心点了http://t.cn/RoePEjW  ,,无,无,无,2020-08-22 11:42,Emoticon发布工具,30,0,8
Jh4lJgw6x,28号回学校 自己可以开摩托进去吧？http://t.cn/RoePEjW  ,,无,无,无,2020-08-22 11:24,Emoticon发布工具,2,0,6
Jh4jihNzm,国庆真的不能回家吗……http://t.cn/RoePEjW  ,,无,无,无,2020-08-22 11:18,Emoticon发布工具,1,0,2
Jh4bYCqXP,真没想到小时候说不想来姨妈真的应验了，本来觉得省去了麻烦事，就没去管它，结果我妈知道了硬要去检查，过了这么些年才晓得病根，太傻了（有病得看啊，还好不算太晚）http://t.cn/RoePEjW  ,,无,无,无,2020-08-22 11:00,Emoticon发布工具,2,0,6
Jh49xprHW,我们有机会续费假期吗……http://t.cn/RoePEjW  ,,无,无,无,2020-08-22 10:54,Emoticon发布工具,5,0,4
JgYVE0y4p,想问问大家的经验，在学校里买二手自行车，在淘宝买自行车自己装，和在学校附近的店里买自行车更推荐哪种方式（顺便想问如果没到规定返校的时间，把自行车推进校门口就出来，保安允许我进校的可能性大吗）谢谢！http://t.cn/RoePEjW  ,,无,无,无,2020-08-21 21:36,Emoticon发布工具,1,0,8
JgYOl4s6n,文科研究生什么时候才回校呀http://t.cn/RoePEjW  ,,无,无,无,2020-08-21 21:18,Emoticon发布工具,1,0,1
JgYdNw0pQ,我很喜欢我女朋友，可是我还是觉得单身太香了，有时候谈恋爱比单身还惨http://t.cn/RoePEjW  ,,无,无,无,2020-08-21 19:48,Emoticon发布工具,12,0,7
JgY8VxwyH,在东门买奶茶的小程序是什么呀http://t.cn/RoePEjW  ,,无,无,无,2020-08-21 19:36,Emoticon发布工具,1,0,4
JgY6v8gRN,前面的，本人经历过高中学校搬地儿而且全靠自己，当时原本还找了人帮我搬结果他又突然反悔，打电话给家人也是一开始答应后来又说不来了气的我当场崩落扔下东西就吧啦吧啦哭然后把我爸哭来了http://t.cn/RoePEjW  ,,无,无,无,2020-08-21 19:30,Emoticon发布工具,7,0,7
JgY1Cc9l6,真的不能提前去学校吗？如果只能11号去学校，外省的孩子买不到合适的票怎么办http://t.cn/RoePEjW  ,,无,无,无,2020-08-21 19:18,Emoticon发布工具,1,0,3
JgXZbds5m,大家摩托车在哪里买的（除了跟学长学姐买二手的）http://t.cn/RoePEjW  ,,无,无,无,2020-08-21 19:12,Emoticon发布工具,2,0,4
JgXRREFQf,宿舍能不能放小冰箱呀http://t.cn/RoePEjW  ,,无,无,无,2020-08-21 18:54,Emoticon发布工具,14,0,7
JgXPqET31,你们是主动选择孤独状态，还是被动的，强迫自己接受孤独？http://t.cn/RoePEjW  ,,无,无,无,2020-08-21 18:48,Emoticon发布工具,4,0,6
JgXI8zRS8,想问现在可以直接把快递送到过渡校区吗http://t.cn/RoePEjW  ,,无,无,无,2020-08-21 18:30,Emoticon发布工具,1,0,0
JgXFGFIjb,回本部以后具体快递地址是什么呀，送到每个书院楼下吗http://t.cn/RoePEjW  ,,无,无,无,2020-08-21 18:24,Emoticon发布工具,2,0,5
JgXyo0q6i,有人知道封闭管理大概到什么时候解封啊？http://t.cn/RoePEjW  ,,无,无,无,2020-08-21 18:06,Emoticon发布工具,1,0,6
JgXvYbsft,每栋宿舍都有洗衣机吗？http://t.cn/RoePEjW  ,,无,无,无,2020-08-21 18:00,Emoticon发布工具,2,0,8
JgXr5jJey,性压抑最严重的时候你们干了什么事http://t.cn/RoePEjW  ,,无,无,无,2020-08-21 17:48,Emoticon发布工具,5,0,10
JgXoE2mKU,请问住二人间的好处是什么http://t.cn/RoePEjW  ,,无,无,无,2020-08-21 17:42,Emoticon发布工具,24,0,16
JgXeUy07g,高铁买学生票能直接刷身份证吗？还是需要人工取票？http://t.cn/RoePEjW  ,,无,无,无,2020-08-21 17:18,Emoticon发布工具,8,0,7
JgX7Doqaf,学校里有没有喜欢胶片摄影的呀？求交流呀。http://t.cn/RoePEjW  ,,无,无,无,2020-08-21 17:00,Emoticon发布工具,3,0,3
JgX5ayRUz,一月份近邻宝的快递一直放到现在，去哪里找http://t.cn/RoePEjW  ,,无,无,无,2020-08-21 16:54,Emoticon发布工具,3,0,1
JgWT0bxco,以前看电视看到的一个女生独居搬家会无助到在路边哭的桥段原来是真的。我一想到我马上就要回学校搬宿舍东西这么多学校又不让外来车入内叫不了货拉拉，我就已经感到很无助了http://t.cn/RoePEjW  ,,无,无,无,2020-08-21 16:24,Emoticon发布工具,20,0,17
JgWO7DCiM,"七夕快到了，汕头群光广场1F的轻奢品牌特别适合用来送给女朋友做礼物，比如chnnel，estee lauder，lancome，shiseido，科颜氏，法国娇韵诗，pandora，swarovski，COACH,apm。。。。。http://t.cn/RoePEjW  ",,无,无,无,2020-08-21 16:12,Emoticon发布工具,17,0,13
JgWEocOid,早上醒来我就陷入了巨大的后悔之中http://t.cn/RoePEjW  ,,无,无,无,2020-08-21 15:48,Emoticon发布工具,1,0,2
JgWzvEUbc,狗腿子之所以存在是有意义的！以前很反感我弟对我妈说甜言蜜语来逃避责骂，现在的我：甜言蜜语真好用http://t.cn/RoePEjW  ,,无,无,无,2020-08-21 15:36,Emoticon发布工具,3,0,0
JgWx66Imp,很想你，也放不下你，但是因为暂时没有能力，不敢再去打扰你，很想去找你。http://t.cn/RoePEjW  ,,无,无,无,2020-08-21 15:30,Emoticon发布工具,7,0,1
JgWpM0SYW,你们能想象吗，在b站看真实的人类，弹幕因为男主买的是女机器人而不是男机器人而吵起来，我的妈呀。http://t.cn/RoePEjW  ,,无,无,无,2020-08-21 15:12,Emoticon发布工具,1,0,3
JgWkTCRPT,硬知识：怀孕生育不能治病http://t.cn/RoePEjW  ,,无,无,无,2020-08-21 15:00,Emoticon发布工具,2,0,1
JgWit0r0z,有啥牌子的美瞳推荐，还有什么渠道买比较安全http://t.cn/RoePEjW  ,,无,无,无,2020-08-21 14:54,Emoticon发布工具,1,0,5
JgWb9DJQz,英语专八今年还会考吗？多久考？http://t.cn/RoePEjW  ,,无,无,无,2020-08-21 14:36,Emoticon发布工具,0,0,2
JgW8IDXSH,至诚可以买个6L小冰箱放宿舍吗http://t.cn/RoePEjW  ,,无,无,无,2020-08-21 14:30,Emoticon发布工具,3,0,2
JgVYZz8nu,我想知道大家是不是像我一样想出校看姜子牙http://t.cn/RoePEjW  原图 ,,http://wx3.sinaimg.cn/large/a54e2070ly1ghyeevyxn6j20c80c9gmn.jpg,无,无,2020-08-21 14:06,Emoticon发布工具,6,0,9
JgVWzrsXP,建了个汕大txl群，可恶的树洞整天吞了，可恶呢可恶呢http://t.cn/RoePEjW  ,,无,无,无,2020-08-21 14:00,Emoticon发布工具,9,0,25
JgVRGlsCa,都2020年了，还有人觉得广东人都讲粤语http://t.cn/RoePEjW  ,,无,无,无,2020-08-21 13:48,Emoticon发布工具,22,0,20
JgVPfkyL9,男生跟女生借钱是什么心理http://t.cn/RoePEjW  ,,无,无,无,2020-08-21 13:42,Emoticon发布工具,4,0,11
JgVHVpNiz,8月20日凌晨2:07，在宿舍快要被饿死ToThttp://t.cn/RoePEjW  ,,无,无,无,2020-08-21 13:24,Emoticon发布工具,3,0,4
JgVD443VB,弘毅414C举手http://t.cn/RoePEjW  ,,无,无,无,2020-08-21 13:12,Emoticon发布工具,3,0,1
JgVvL5LxN,小鹿和kk还在一起嘛(；д；)http://t.cn/RoePEjW  ,,无,无,无,2020-08-21 12:54,Emoticon发布工具,9,0,17
JgVqT1ORZ,有啥外卖推荐吗？除了丰盛和手撕鸡http://t.cn/RoePEjW  ,,无,无,无,2020-08-21 12:42,Emoticon发布工具,9,0,12
JgVjzqNyg,有人知道怎么样申请一下换书院吗？谢谢http://t.cn/RoePEjW  ,,无,无,无,2020-08-21 12:24,Emoticon发布工具,3,0,7
JgVeI68np,经常找某个女性朋友聊天会不会被她误认为不喜欢她啊？http://t.cn/RoePEjW  ,,无,无,无,2020-08-21 12:12,Emoticon发布工具,0,0,7
JgV4Xwtu0,学校的学术交流中心的酒店开了吗http://t.cn/RoePEjW  ,,无,无,无,2020-08-21 11:48,Emoticon发布工具,0,0,1
JgV05wU5E,有人可以介绍一下ly的宿舍情况是什么样的吗http://t.cn/RoePEjW  ,,无,无,无,2020-08-21 11:36,Emoticon发布工具,0,0,7
JgUNUtABs,问一下现在在学校还要戴口罩吗http://t.cn/RoePEjW  ,,无,无,无,2020-08-21 11:06,Emoticon发布工具,1,0,4
JgUGCacTT,天大的误会，前几天在学校里和朋友A打招呼，结果A的朋友B以为我在看她+喜欢，让A撮合我们、、、爷真的没那个意思http://t.cn/RoePEjW  ,,无,无,无,2020-08-21 10:48,Emoticon发布工具,8,0,8
JgUEaxH6J,呜呜呜虾搞今年以内都不营业的，外卖没辣吃了http://t.cn/RoePEjW  ,,无,无,无,2020-08-21 10:42,Emoticon发布工具,2,0,3
JgUuqzCZY,请问军训免训还用去旁边站着吗http://t.cn/RoePEjW  ,,无,无,无,2020-08-21 10:18,Emoticon发布工具,0,0,5
JgUpyyXDN,现在还有租房的信息和资源吗http://t.cn/RoePEjW  ,,无,无,无,2020-08-21 10:06,Emoticon发布工具,0,0,3
JgUn8aO5h,同乡同省的同学才容易成为情侣吗http://t.cn/RoePEjW  ,,无,无,无,2020-08-21 10:00,Emoticon发布工具,5,0,7
JgU8vyf90,回学校感觉要屯粮，大家有啥好吃的推荐吗（想买螺蛳粉怕舍友撑不住呜呜呜）http://t.cn/RoePEjW  ,,无,无,无,2020-08-21 09:24,Emoticon发布工具,5,0,9
JgU64kbDV,洗衣服的同时，洗衣机不也在清洗吗http://t.cn/RoePEjW  ,,无,无,无,2020-08-21 09:18,Emoticon发布工具,13,0,12
JgTTTleKK,撑了好久，突然觉得好孤单，室友很好，但是没有谈心的人附二实习生没有放假，八月三日上班上到现在，好累但是值夜班，跟手术，写病程，享受孤独http://t.cn/RoePEjW  ,,无,无,无,2020-08-21 08:48,Emoticon发布工具,6,0,7
JgTP1Dfn5,"我喜欢A，A也对我有点感觉。同时B和C也喜欢我，但我和BC是好朋友，BC知道我喜欢A,A也怀疑我和BC有一腿。我不想做渣男，但就是挺烦的，也希望这些都是我意淫出来的。http://t.cn/RoePEjW  ",,无,无,无,2020-08-21 08:36,Emoticon发布工具,8,0,15
JgTMBxMRL,27号晚上8点潮汕站到学校有人一起拼车吗？一缺三http://t.cn/RoePEjW  ,,无,无,无,2020-08-21 08:30,Emoticon发布工具,1,0,4
JgTFhzGyJ,看过很多新闻，很多被不雅照影响人生的人，舆论通常不是由好人导向的，往往是不安好心的人，他们可以很轻易地把一个人的人生毁掉，拍照要谨慎！只是有感而发http://t.cn/RoePEjW  ,,无,无,无,2020-08-21 08:12,Emoticon发布工具,1,0,4
JgTAr67AD,每天努力的意义在哪里......http://t.cn/RoePEjW  ,,无,无,无,2020-08-21 08:00,Emoticon发布工具,9,0,9
JgTt6BQel,啊！！！好羡慕青梅竹马甜甜的爱情！！！http://t.cn/RoePEjW  ,,无,无,无,2020-08-21 07:42,Emoticon发布工具,8,0,3
JgTofyOaV,一直没有找到研究生新生群，谁有或者谁可以创建一个发到评论里好吗http://t.cn/RoePEjW  ,,无,无,无,2020-08-21 07:30,Emoticon发布工具,1,0,4
JgTgVBO0b,181b潮汕站到学校是整点发车还是半点呢。还有现在有没有进学校呀http://t.cn/RoePEjW  ,,无,无,无,2020-08-21 07:12,Emoticon发布工具,0,0,3
JgTc4zSLr,有没有德馨的小姐姐也考研呀，想找个研友相互监督，相互鼓励，一起进步（本人女）http://t.cn/RoePEjW  ,,无,无,无,2020-08-21 07:00,Emoticon发布工具,0,0,2
JgRo1yN8G,想想好可爱，我的天啊，怎么会有这么可爱的妹子http://t.cn/RoePEjW  ,,无,无,无,2020-08-21 02:24,Emoticon发布工具,0,0,7
JgRlBaDvF,想问一下已经在校的同学，西门能不能正常出入？http://t.cn/RoePEjW  ,,无,无,无,2020-08-21 02:18,Emoticon发布工具,2,0,4
JgR28AnRN,"拼车!！！28号中午12.潮汕站到汕头大学,缺一人！有没有一起的小伙伴呀！http://t.cn/RoePEjW  ",,无,无,无,2020-08-21 01:30,Emoticon发布工具,0,0,3
JgQNw5LvY,有谁是在汕特驾校学车的吗http://t.cn/RoePEjW  ,,无,无,无,2020-08-21 00:54,Emoticon发布工具,0,0,2
JgQGdp5d7,有没有好听的歌名只有一个字的歌呀，我知道枫和借http://t.cn/RoePEjW  ,,无,无,无,2020-08-21 00:36,Emoticon发布工具,23,0,47
JgQDNiynb,快递在近邻宝最多可以放几天啊？http://t.cn/RoePEjW  ,,无,无,无,2020-08-21 00:30,Emoticon发布工具,1,0,2
JgQrDq2uX,经常找某个男性朋友聊天会不会被他误以为喜欢他啊？http://t.cn/RoePEjW  ,,无,无,无,2020-08-21 00:00,Emoticon发布工具,20,0,21
JgQmJqP3C,28号晚上8点多拼车的，看我看我！！！带我带我！！！我评论了！！！http://t.cn/RoePEjW  ,,无,无,无,2020-08-20 23:48,Emoticon发布工具,0,0,7
JgQkj2Fbi,知行招导生吗？没有看到有消息……还有宿舍安排什么时候能出啊http://t.cn/RoePEjW  ,,无,无,无,2020-08-20 23:42,Emoticon发布工具,0,0,1
JgQayqLkP,洞友们有治痛经的好办法吗？http://t.cn/RoePEjW  ,,无,无,无,2020-08-20 23:18,Emoticon发布工具,12,0,13
JgQ5G9D8F,开学后，图书馆开吗http://t.cn/RoePEjW  ,,无,无,无,2020-08-20 23:06,Emoticon发布工具,4,0,1
JgPiYaAE1,学好法学和法语去法国当法师http://t.cn/RoePEjW  ,,无,无,无,2020-08-20 21:06,Emoticon发布工具,33,0,5
JgPbFbbjH,有点好奇坐去叠金的摆渡车要钱吗，多少钱http://t.cn/RoePEjW  ,,无,无,无,2020-08-20 20:48,Emoticon发布工具,0,0,7
JgP6NfYGI,你们怎么在校道蹲到人的？http://t.cn/RoePEjW  ,,无,无,无,2020-08-20 20:36,Emoticon发布工具,21,0,14
JgOX3fJNz,拼车!！！ 28号中午12.潮汕站到汕头大学，缺一人！有没有一起的呀！http://t.cn/RoePEjW  ,,无,无,无,2020-08-20 20:12,Emoticon发布工具,0,0,2
JgOScr0h8,刚刚去东门路上经过大礼堂附近的草地，发型那里长蘑菇了。。。http://t.cn/RoePEjW  ,,无,无,无,2020-08-20 20:00,Emoticon发布工具,3,0,1
JgMN6sv2G,11号去学校，想着前4、5天去广州玩玩，没有浪浪的同学一起呀～带带我～ ps：本人男http://t.cn/RoePEjW  ,,无,无,无,2020-08-20 14:42,Emoticon发布工具,0,1,3
JgMIf5GxZ,自己选的汕大生医工，想问一下这个专业如何呢？http://t.cn/RoePEjW  ,,无,无,无,2020-08-20 14:30,Emoticon发布工具,4,0,6
JgMyub5ar,有人出自行车吗？要这两天就在学校了能拿车的，代步用要求不高，便宜能动就行！http://t.cn/RoePEjW  ,,无,无,无,2020-08-20 14:06,Emoticon发布工具,1,0,9
JgMw69HOH,关于能不能晚于注册时间返校，希望能解答到大家的问题|ω・）http://t.cn/RoePEjW  原图 ,,http://wx3.sinaimg.cn/large/a54e2070ly1ghx8mf8ch1j20u00t4tfb.jpg,无,无,2020-08-20 14:00,Emoticon发布工具,6,0,3
JgMf0umeY,你没有向前走，我也没有，这就是答案了，彼此都是一点的喜欢，风一吹就没了。http://t.cn/RoePEjW  ,,无,无,无,2020-08-20 13:18,Emoticon发布工具,5,0,1
JgMczrjMb,我还想一边上课，一边到外面兼职，封闭管理的话，看来是不行了http://t.cn/RoePEjW  ,,无,无,无,2020-08-20 13:12,Emoticon发布工具,0,0,5
JgM5gxqBD,求一下英语四级的真题，裸考感觉不踏实http://t.cn/RoePEjW  ,,无,无,无,2020-08-20 12:54,Emoticon发布工具,0,0,4
JgLLN5ilM,讨厌那种在群里面@了又不回的人，是我情商太低了，以为我们还可以继续愉快地交流，如果真不想理人，那就退群拉黑吧http://t.cn/RoePEjW  ,,无,无,无,2020-08-20 12:06,Emoticon发布工具,1,0,2
JgLxahGv7,得不到的不要再看了，好吗http://t.cn/RoePEjW  ,,无,无,无,2020-08-20 11:30,Emoticon发布工具,3,0,3
JgLuJzw2e,大一的时候，英语外教的课基本上选不上。 大二的时候了英语外教的课一定是中文老师没得选的时候的被迫选择。〈狗头保命〉http://t.cn/RoePEjW  ,,无,无,无,2020-08-20 11:24,Emoticon发布工具,4,0,4
JgKAHtyeg,想知道你们微信的视频号一般都是点赞些什么的http://t.cn/RoePEjW  ,,无,无,无,2020-08-20 09:06,Emoticon发布工具,3,0,8
JgKyjsa7V,化妆久了，看到卸妆后的自己又黄皮肤又没有很好，都不敢照镜子了，化妆真是给人自信http://t.cn/RoePEjW  ,,无,无,无,2020-08-20 09:00,Emoticon发布工具,24,0,6
JgKjFFQKT,如何矫正……http://t.cn/RoePEjW  原图 ,,http://wx2.sinaimg.cn/large/a54e2070ly1ghwywpjk7gj20u00u0x6p.jpg,无,无,2020-08-20 08:24,Emoticon发布工具,8,0,12
JgKhe5LBv,请问书院的导生是做什么的啊，可以帮忙叠金孤儿搬宿舍的吗http://t.cn/RoePEjW  ,,无,无,无,2020-08-20 08:18,Emoticon发布工具,3,0,10
JgKcm6bRa,Nighthttp://t.cn/RoePEjW  原图 ,,http://wx2.sinaimg.cn/large/a54e2070ly1ghwydy12d1j20lz1fs0y2.jpg,无,无,2020-08-20 08:06,Emoticon发布工具,5,0,3
JgK9WilsK,2018年11月的雨季，在科技楼前的斜坡顶上，有三个人相遇，两个人有两把伞，另一个跑着的靓女没有雨伞，她找那两个人借了把伞......http://t.cn/RoePEjW  原图 ,,http://wx2.sinaimg.cn/large/a54e2070ly1ghwy7r7zmyj20m11fl0wo.jpg,无,无,2020-08-20 08:00,Emoticon发布工具,2,0,5
JgJViyf95,汕大附近有什么可以箍牙的医院或者牙科诊所吗 多远呢http://t.cn/RoePEjW  ,,无,无,无,2020-08-20 07:24,Emoticon发布工具,0,0,1
JgJO0avW3,疫情期间呆家里久了感觉和家里人关系变得亲近了，但最近一次被骂让我不想和他们主动说话了(虽然觉得有点不孝），然后就呆在自己的小世界里做自己的事情安安静静的等到开学吧。http://t.cn/RoePEjW  ,,无,无,无,2020-08-20 07:06,Emoticon发布工具,0,0,3
JgJLA3YOA,想问大家一定要在注册当天回校吗？11号注册，可以12 13才回去吗？http://t.cn/RoePEjW  ,,无,无,无,2020-08-20 07:00,Emoticon发布工具,2,0,3
JgI7hjDwF,好喜欢胡明轩http://t.cn/RoePEjW  ,,无,无,无,2020-08-20 02:48,Emoticon发布工具,11,0,7
JgHZZcpH0,明德的床是多大的啊http://t.cn/RoePEjW  ,,无,无,无,2020-08-20 02:30,Emoticon发布工具,0,0,4
JgHXxihWv,听说修远和敬一浴室的门都只挡了中间一点点？那明德呢？http://t.cn/RoePEjW  ,,无,无,无,2020-08-20 02:24,Emoticon发布工具,6,0,13
JgHNOdtKz,今年理工类的新生能分到校本部吗（卑微）http://t.cn/RoePEjW  ,,无,无,无,2020-08-20 02:00,Emoticon发布工具,5,1,9
JgHzbyIKX,有28号下午六点半潮汕高铁站拼车的吗，二等二。http://t.cn/RoePEjW  ,,无,无,无,2020-08-20 01:24,Emoticon发布工具,0,0,2
JgHn1u6th,有木有给家里寄过牛肉丸的？能推荐老板代为邮寄的那种店铺吗～ 汕头还有什么特产方便送人的呀！谢谢各位http://t.cn/RoePEjW  ,,无,无,无,2020-08-20 00:54,Emoticon发布工具,2,0,6
JgHdiruCr,谈恋爱的情侣，你们一个月花费多少钱，吃东西看电影等支出是aa制吗http://t.cn/RoePEjW  ,,无,无,无,2020-08-20 00:30,Emoticon发布工具,6,0,11
JgHaQytdY,19号下午五点多在三饭跟我对视的带黑色圆镜框的可爱女生，我可以认识你嘛http://t.cn/RoePEjW  ,,无,无,无,2020-08-20 00:24,Emoticon发布工具,6,0,8
JgGWeAS3v,如果我们合适，我可以请你喝一辈子奶茶吗？http://t.cn/RoePEjW  ,,无,无,无,2020-08-19 23:48,Emoticon发布工具,15,0,17
JgGTObAW9,请问大家有在汕头的医院种植过牙齿的吗？有口腔科的医学生能回答一下哪个医院比较好吗？http://t.cn/RoePEjW  ,,无,无,无,2020-08-19 23:42,Emoticon发布工具,4,0,2
JgGHD8gXU,诶嘿！寻找弘毅613的仙女室友姐姐http://t.cn/RoePEjW  ,,无,无,无,2020-08-19 23:12,Emoticon发布工具,1,0,1
JgGFbwRuV,有些商家自己有群还跑进宿生群里宣传 有点反感http://t.cn/RoePEjW  ,,无,无,无,2020-08-19 23:06,Emoticon发布工具,4,0,0
JgGvsaqTT,请问地震台还有房子可以租吗http://t.cn/RoePEjW  ,,无,无,无,2020-08-19 22:42,Emoticon发布工具,0,1,0
JgGt0DqsO,今天错过脱单的机会，舒服了。http://t.cn/RoePEjW  ,,无,无,无,2020-08-19 22:36,Emoticon发布工具,5,0,4
JgG75mBzU,学校的外教一般都是教英语课的吗http://t.cn/RoePEjW  ,,无,无,无,2020-08-19 21:42,Emoticon发布工具,2,0,4
JgFZNx0R3,如果男女都是独生子女，适合谈恋爱吗，以后结婚了家庭压力是不是很大http://t.cn/RoePEjW  ,,无,无,无,2020-08-19 21:24,Emoticon发布工具,16,0,15
JgFXlDWH2,树洞的朋友们都好好啊，被你们安慰之后，心里好受多了，特别是“自由自在，没有羁绊，也很精彩”http://t.cn/RoePEjW  ,,无,无,无,2020-08-19 21:18,Emoticon发布工具,5,0,1
JgFGilGKe,什么时候出宿舍具体分配啊！http://t.cn/RoePEjW  ,,无,无,无,2020-08-19 20:36,Emoticon发布工具,0,0,3
JgFu7q1r0,请问，双专业的申请都是在一学年末吗，大二了还有机会申请辅修专业吗？http://t.cn/RoePEjW  ,,无,无,无,2020-08-19 20:06,Emoticon发布工具,1,0,1
JgFrGEwNj,想问大嘎最近在哪些歌呀？让我更新一下歌单嘻嘻...http://t.cn/RoePEjW  ,,无,无,无,2020-08-19 20:00,Emoticon发布工具,8,1,26
JgFmOaaCh,请问电动滑板代步方便吗?? 上锁和充电方便吗?? 有没有买了的师兄师姐分享使用心得呀 谢谢谢谢谢谢!!!http://t.cn/RoePEjW  ,,无,无,无,2020-08-19 19:48,Emoticon发布工具,6,0,11
JgFknqQia,学校里用ipad来学习的人多吗，买个ipad必要吗http://t.cn/RoePEjW  ,,无,无,无,2020-08-19 19:42,Emoticon发布工具,31,0,12
JgF3lmFZ2,男生去哪学习搭配衣服裤子和鞋子，觉得自己穿的太土了http://t.cn/RoePEjW  ,,无,无,无,2020-08-19 19:00,Emoticon发布工具,21,0,23
JgF0T9Rxc,大一新生想知道统计学与数学和应用数学的师资差距大吗？http://t.cn/RoePEjW  ,,无,无,无,2020-08-19 18:54,Emoticon发布工具,5,0,7
JgEOIaUFO,其实我真的好羡慕你们学校啊！！免学费！！！！每次交六千多学费的时候，和父母开口拿的时候好尴尬啊http://t.cn/RoePEjW  ,,无,无,无,2020-08-19 18:24,Emoticon发布工具,22,0,11
JgEMi4mn1,关于机构请假那件事儿的解答。不是很能理解，但还是谢谢回复的朋友http://t.cn/RoePEjW  原图 ,,http://wx4.sinaimg.cn/large/a54e2070ly1ghwaggyoapj20u01q9tic.jpg,无,无,2020-08-19 18:18,Emoticon发布工具,0,0,0
JgEHpcF9t,请问大家有文学院的新生群嘛！ball ball大家了http://t.cn/RoePEjW  ,,无,无,无,2020-08-19 18:06,Emoticon发布工具,1,0,3
JgEsO2LeD,你若是愿意朝我走一步，那我愿意为你走剩下的九十九步。但如果你退后了，或者和我玩心理游戏，那我一定头也不回地离开你。谁还不是个小公主呢？抱歉，做不到无条件付出，做不到爱不求回报，也做不到经常热脸贴冷屁股。如果谈恋爱这么委屈，那么为什么要谈恋爱呢？http://t.cn/RoePEjW  ,,无,无,无,2020-08-19 17:30,Emoticon发布工具,6,0,2
JgEluv2ij,做春梦把好朋友上了，弄得我今天和她聊天都怪不好意思的http://t.cn/RoePEjW  ,,无,无,无,2020-08-19 17:12,Emoticon发布工具,9,0,9
JgEgCf0e3,三个组织三次面试都没有过，我太失败了http://t.cn/RoePEjW  ,,无,无,无,2020-08-19 17:00,Emoticon发布工具,9,0,7
JgEebe6As,川普都追星成功了，我一个贫穷的普通娃什么时候才能追星成功呢http://t.cn/RoePEjW  ,,无,无,无,2020-08-19 16:54,Emoticon发布工具,0,0,2
JgE6Scy8v,有没有明德宿舍内的图呀http://t.cn/RoePEjW  ,,无,无,无,2020-08-19 16:36,Emoticon发布工具,1,0,2
JgE20yW9F,大一不脱单，大学单四年，大三大四还有机会脱单吗http://t.cn/RoePEjW  ,,无,无,无,2020-08-19 16:24,Emoticon发布工具,18,0,12
JgDNoy1fu,书院会有心理老师吗？如何申请心理咨询？效果好不好？http://t.cn/RoePEjW  ,,无,无,无,2020-08-19 15:48,Emoticon发布工具,7,1,1
JgDKYrtnn,所以要不要换掉被芯枕芯床垫（都放床上没收)至诚。。好纠结。。http://t.cn/RoePEjW  ,,无,无,无,2020-08-19 15:42,Emoticon发布工具,2,0,5
JgDyN8J4A,有点伤心，最近参加的面试都没被选上，是我太菜了吗？[我就是玻璃心，别骂我]还是要好好提升自己才行啊淦http://t.cn/RoePEjW  ,,无,无,无,2020-08-19 15:12,Emoticon发布工具,3,0,6
JgDp2CldY,请问大家在汕大一个月的基础消费是多少?正常吃饭 买日用品 水电费等（不谈恋爱不买衣服不买化妆品）http://t.cn/RoePEjW  ,,无,无,无,2020-08-19 14:48,Emoticon发布工具,7,0,24
JgD7Zk2KC,9.11号返校的话现在可以买飞机票了吗？现在要开始打卡了吗？http://t.cn/RoePEjW  ,,无,无,无,2020-08-19 14:06,Emoticon发布工具,2,0,0
JgD5yBQVu,想问下a座的食堂通道开了吗http://t.cn/RoePEjW  ,,无,无,无,2020-08-19 14:00,Emoticon发布工具,0,0,1
JgCTp7Mag,有多少人是因为男女混住来汕头大学的，我承认我是一个http://t.cn/RoePEjW  ,,无,无,无,2020-08-19 13:30,Emoticon发布工具,85,0,8
JgCELBZ7H,返校以后还能正常收快递吗，有好多东西想买呀http://t.cn/RoePEjW  ,,无,无,无,2020-08-19 12:54,Emoticon发布工具,0,0,5
JgCsAoL71,有没有母胎单身的同学，举个爪爪http://t.cn/RoePEjW  ,,无,无,无,2020-08-19 12:24,Emoticon发布工具,7,0,6
JgCq97n8P,救命啊abcdef的床也太难爬上爬下了吧http://t.cn/RoePEjW  ,,无,无,无,2020-08-19 12:18,Emoticon发布工具,3,0,14
JgC4enA6c,15号回校补课吃饭堂真是受罪，贵，菜又少，还难吃http://t.cn/RoePEjW  ,,无,无,无,2020-08-19 11:24,Emoticon发布工具,1,0,6
JgC1Nr60N,想到要两百来个人统一一起搬宿舍就好焦虑啊，不会真就摆渡车吧orzhttp://t.cn/RoePEjW  ,,无,无,无,2020-08-19 11:18,Emoticon发布工具,2,0,4
JgBS3rV4x,想你了想你了http://t.cn/RoePEjW  ,,无,无,无,2020-08-19 10:54,Emoticon发布工具,0,0,0
JgBDruiBz,洗衣机真有那么劣质会残留衣物的脏水吗？而且一般大程度弄脏(什么体液)的衣物不会真有人直接丢洗衣机的吧？平时的内衣裤和袜子正常情况不见得能怎么弄特别脏啊，为什么不能机洗？http://t.cn/RoePEjW  ,,无,无,无,2020-08-19 10:18,Emoticon发布工具,27,0,17
JgBB0cUMR,树洞莫名其妙吞字，点发送结果出来的内容缺一部分。之前那条树洞说“保鲜膜餐具的广式”想说的是广式http://t.cn/RoePEjW  ,,无,无,无,2020-08-19 10:12,Emoticon发布工具,1,0,6
JgBrgcFqI,有点长，感谢能看完的朋友http://t.cn/RoePEjW  原图 ,,http://wx3.sinaimg.cn/large/a54e2070ly1ghvvpryp2qj20u03264ha.jpg,无,无,2020-08-19 09:48,Emoticon发布工具,3,0,2
JgBcEdVba,弘毅导生选完了吗我是不是没被通知落选了http://t.cn/RoePEjW  ,,无,无,无,2020-08-19 09:12,Emoticon发布工具,0,0,3
JgB7MfreT,注册时间晚个一两天到校问题大吗http://t.cn/RoePEjW  ,,无,无,无,2020-08-19 09:00,Emoticon发布工具,0,0,6
JgB0sDkWw,鸡皮兔恩静  鸡皮兔  啊啊啊啊啊！http://t.cn/RoePEjW  ,,无,无,无,2020-08-19 08:42,Emoticon发布工具,2,0,3
JgAsnhWne,好羡慕那些有幽默感的人啊，跟他们在一起无时无刻不轻松，人缘好肯定的，只是羡慕他们积极的人生态度http://t.cn/RoePEjW  ,,无,无,无,2020-08-19 07:18,Emoticon发布工具,20,0,8
JgAnvimV1,为什么这边把珠三角说的那么厉害，但就只有广州有重本，其他城市都是些不起眼2a2b类学校。而长三角没那么高调，却好几个城市都有985高校。这就是暴发户与传统贵族的区别？http://t.cn/RoePEjW  ,,无,无,无,2020-08-19 07:06,Emoticon发布工具,51,0,21
JgAl63Xf8,唉，原生家庭真的是一个沉重的话题http://t.cn/RoePEjW  ,,无,无,无,2020-08-19 07:00,Emoticon发布工具,7,0,0
JgyBUnwau,我眼中的潮成了我妈眼中的土，我眼中的土成了我妈眼中的潮。一件前后都写着大大的感伤英文的T被我妈极力推荐，委婉地说算了吧还说我out，无可奈何买下后实在穿不上街，还被说浪费钱…穿上自己买的衣服还整天被说土，(再见了妈妈 今晚我就要远航……http://t.cn/RoePEjW  ,,无,无,无,2020-08-19 02:36,Emoticon发布工具,8,0,8
Jgyx27rKI,我有一个不知道去哪里查的问题想问一下大家。我报了统计学的辅修，可是现在又有点想直接转专业到应用数学（因为刚刚才发现汕大的应用数学挺好的，是我之前资料没找好了），这种情况可咋整？可以转吗？转了的话我的辅修还会继续吗？http://t.cn/RoePEjW  ,,无,无,无,2020-08-19 02:24,Emoticon发布工具,2,0,2
JgykRbNSE,18转专业成功，然后从19重新开始读大一的，算免学费的还是还要交学费啊？http://t.cn/RoePEjW  ,,无,无,无,2020-08-19 01:54,Emoticon发布工具,8,0,12
Jgy8H1JVA,为什么洗衣机不可以洗内衣裤袜子？你们是不是上厕所要戴口罩防止吸入大量别人的臭气，去食堂吃饭自备餐具担心流水线式洗不干净，餐厅用保鲜膜餐具也要广式http://t.cn/RoePEjW  ,,无,无,无,2020-08-19 01:24,Emoticon发布工具,30,0,16
JgxU5nThk,现在饭堂的一次性饭盒还收费吗http://t.cn/RoePEjW  ,,无,无,无,2020-08-19 00:48,Emoticon发布工具,0,0,6
JgxPe13ql,国际经济与贸易专业的师兄师姐们能分享一下学这个专业的感受吗http://t.cn/RoePEjW  ,,无,无,无,2020-08-19 00:36,Emoticon发布工具,1,0,2
JgxHUlEUx,进了海洋科学怎么办？转口腔有希望吗http://t.cn/RoePEjW  ,,无,无,无,2020-08-19 00:18,Emoticon发布工具,1,0,6
JgwLt7UeF,为啥我玩吃鸡会头晕？以前不会的啊http://t.cn/RoePEjW  ,,无,无,无,2020-08-18 21:54,Emoticon发布工具,4,0,8
JgwJ1s3bG,好想离开这里，每天都要小心做人。http://t.cn/RoePEjW  ,,无,无,无,2020-08-18 21:48,Emoticon发布工具,0,0,3
JgwwQvlwY,海洋科学是干啥的？就业方向如何？http://t.cn/RoePEjW  ,,无,无,无,2020-08-18 21:18,Emoticon发布工具,5,0,7
JgwrYaTuw,你们是怎么在汕大找到男女朋友的，可以分享一下你们怎么认识相遇的故事吗http://t.cn/RoePEjW  ,,无,无,无,2020-08-18 21:06,Emoticon发布工具,52,0,33
Jgwpz336R,19级这学期还用交学费吗http://t.cn/RoePEjW  ,,无,无,无,2020-08-18 21:00,Emoticon发布工具,4,0,5
JgwiewzNM,我妈估计更年期了 经常无缘无故发脾气 fan~http://t.cn/RoePEjW  ,,无,无,无,2020-08-18 20:42,Emoticon发布工具,0,0,3
JgwfNgivk,啊我太幸福了，虽然回来补课，但是白天上午下午忙两小时200到手，晚上有同学一起玩，我太酸我自己了http://t.cn/RoePEjW  ,,无,无,无,2020-08-18 20:36,Emoticon发布工具,7,0,5
Jgw8ufRSG,一定要十点前健康打卡才算打卡吗……没有连续打卡14天真的进不了校门吗……http://t.cn/RoePEjW  ,,无,无,无,2020-08-18 20:18,Emoticon发布工具,0,0,4
Jgw63umM5,ELC4不怎么用课本吗，那就不用买咯？http://t.cn/RoePEjW  ,,无,无,无,2020-08-18 20:12,Emoticon发布工具,1,0,5
Jgw1bvUBL,被宿舍其他人排挤是什么感受，活动当天发现她们都报名了，我说怎么没告诉我，她们说以为我知道了，去食堂吃饭，三个人一起吃，我又吃的慢，剩我一个吃，有一次最尴尬，我一个人吃，看到其他两个，特意把东西搬到那边去吃，谁知道她们没一会就吃完了，又剩我自己一个人。http://t.cn/RoePEjW  ,,无,无,无,2020-08-18 20:00,Emoticon发布工具,38,0,13
JgvMzetTa,17届就真的不算人呗，形势与政策也不算是课，想回校都不让回http://t.cn/RoePEjW  ,,无,无,无,2020-08-18 19:24,Emoticon发布工具,14,0,13
JgvHHg0sh,某些人挖墙脚的吃相太难看了嗷http://t.cn/RoePEjW  ,,无,无,无,2020-08-18 19:12,Emoticon发布工具,0,0,0
JgvFgCbe5,吃啥啥不香，我是不是该吃江中牌健胃消食片了……http://t.cn/RoePEjW  原图 ,,http://wx4.sinaimg.cn/large/a54e2070ly1ghv683a00dj207g09hjrq.jpg,无,无,2020-08-18 19:06,Emoticon发布工具,2,0,7
Jgvvwh1jv,有没有学法的同学可以解释一下小鸣单车那个最新的债权情况公告是什么意思啊？押金是能退了吗？http://t.cn/RoePEjW  ,,无,无,无,2020-08-18 18:42,Emoticon发布工具,0,0,1
Jgvodm3Wq,请问有正在或准备跨考心理学硕士的学生吗？有点想建个交流群http://t.cn/RoePEjW  ,,无,无,无,2020-08-18 18:24,Emoticon发布工具,0,0,4
JgvlMlaIR,问一下旅居轨迹截图还可以在哪里弄的？我的手机号绑定的不是自己的身份证http://t.cn/RoePEjW  ,,无,无,无,2020-08-18 18:18,Emoticon发布工具,0,0,4
Jgvev9oTB,“骂你千遍，依然爱你”，发现图书馆一本书里面夹着一张毕业离别书http://t.cn/RoePEjW  原图 ,,http://wx4.sinaimg.cn/large/a54e2070ly1ghv4bhb75pj21400u0acy.jpg,无,无,2020-08-18 18:00,Emoticon发布工具,192,24,22
Jgvc2m115,别骂了别骂了我交代我就是馋男朋友，所以能不能串门？（doge）http://t.cn/RoePEjW  ,,无,无,无,2020-08-18 17:54,Emoticon发布工具,1,0,4
Jgv4JmEPA,有一说一，coach的包真的丑http://t.cn/RoePEjW  ,,无,无,无,2020-08-18 17:36,Emoticon发布工具,3,0,3
Jgv2jg7Pz,优柔寡断，是因为害怕承担后果吗http://t.cn/RoePEjW  ,,无,无,无,2020-08-18 17:30,Emoticon发布工具,0,0,4
JguXqmdAu,如果被录入海洋科学有希望吗？该怎么办？转去口腔有希望吗http://t.cn/RoePEjW  ,,无,无,无,2020-08-18 17:18,Emoticon发布工具,2,0,5
JguUZliRK,压力一大就想冲一发http://t.cn/RoePEjW  ,,无,无,无,2020-08-18 17:12,Emoticon发布工具,2,0,3
JguDXifwm,忘记自己昨天有没有打卡怎么办？会不会影响28号回校_(:τ」∠)_http://t.cn/RoePEjW  ,,无,无,无,2020-08-18 16:30,Emoticon发布工具,0,0,2
JguBw0PXy,成都的师兄毕业后来附属医院工作，女朋友也是这里的，他们快要结婚了，真的羡慕，今晚夜班师嫂给师兄送饭，我们就吃着狗粮，附属医院其实没有别人说的那么不堪，很多方面都很强，比如我们附二的小儿外科，妇产科，普外科。提升自己才是王道，不要想着她了http://t.cn/RoePEjW  ,,无,无,无,2020-08-18 16:24,Emoticon发布工具,6,0,3
JgtTGnoEx,但愿我们很合适http://t.cn/RoePEjW  ,,无,无,无,2020-08-18 14:36,Emoticon发布工具,4,0,2
JgtHvoqxh,汕大有玩hiphop的吗，说唱喔 不是街舞http://t.cn/RoePEjW  ,,无,无,无,2020-08-18 14:06,Emoticon发布工具,14,0,10
JgtCD6ak6,邻近宝是可以收所有快递吗？那地址上是不是直接写邻近宝就可以了？邻近宝具体位置在哪？求科普http://t.cn/RoePEjW  ,,无,无,无,2020-08-18 13:54,Emoticon发布工具,11,0,7
JgtAc1YUb,不论男女，内衣裤用洗衣机洗怎么想都不太卫生啊，这些都是自己贴身的东西，人的身体会分泌东西的啊http://t.cn/RoePEjW  ,,无,无,无,2020-08-18 13:48,Emoticon发布工具,36,0,27
Jgtj8wcWG,提前回来两周就上两节课，有点点难受http://t.cn/RoePEjW  ,,无,无,无,2020-08-18 13:06,Emoticon发布工具,1,0,1
Jgt4xpDPE,请问，汕头大学研究生有没有新生群。http://t.cn/RoePEjW  ,,无,无,无,2020-08-18 12:30,Emoticon发布工具,0,0,0
Jgt25xJ5x,军训可以戴手表吗http://t.cn/RoePEjW http://t.cn/RoePEjW  ,,无,无,无,2020-08-18 12:24,Emoticon发布工具,0,0,4
Jgow1tlpN,请问学校宿舍安排好了吗http://t.cn/RoePEjW  ,,无,无,无,2020-08-18 00:54,Emoticon发布工具,2,0,3
Jgomjm985,坐滴滴，一小时路程，从车上下来，晕的，恶心得要吐了，整个人都不舒服，是我吃的太饱吗。？http://t.cn/RoePEjW  ,,无,无,无,2020-08-18 00:30,Emoticon发布工具,0,0,6
JgojR9ldW,临近开学了，不太想开学，家里多好啊，不想离开这个舒适圈(╥﹏╥)(别骂了别骂了我就想想而已。毕竟本分还是学生)http://t.cn/RoePEjW  ,,无,无,无,2020-08-18 00:24,Emoticon发布工具,22,0,7
Jgoa8ENHa,所以说，博士生的命运，就看博导的人品吗http://t.cn/RoePEjW  ,,无,无,无,2020-08-18 00:00,Emoticon发布工具,0,0,0
Jgo7GoJsn,感觉高考分数浪费了好多。http://t.cn/RoePEjW  ,,无,无,无,2020-08-17 23:54,Emoticon发布工具,53,0,16
JgnVvt3Mu,各位，今天是怹的生日！！续1秒！http://t.cn/RoePEjW  ,,无,无,无,2020-08-17 23:24,Emoticon发布工具,14,0,23
JgnT4bGns,是不是大部分的男的都不爱自己手洗内裤? http://t.cn/RoePEjW  ,,无,无,无,2020-08-17 23:18,Emoticon发布工具,17,0,10
JgnLMBrAN,听你的话意思是说，你已经玩过了，别人要追就追吧？好的吧，有点道理。http://t.cn/RoePEjW  ,,无,无,无,2020-08-17 23:00,Emoticon发布工具,1,0,0
JgnJkqRDG,心情不好的时候很想找人说 但是又很怕经常和朋友倾诉一些负能量的东西又会打扰到他/怕别人觉得自己烦 然后又不想说了 但是憋着又难受http://t.cn/RoePEjW  ,,无,无,无,2020-08-17 22:54,Emoticon发布工具,5,0,9
JgnC0ygxg,28日中午十二点50左右机场拼车一缺三有无http://t.cn/RoePEjW  ,,无,无,无,2020-08-17 22:36,Emoticon发布工具,0,0,3
JgnzB8NAe,是我叛逆期来的特别晚吗 有些事情不是不会去做但是听到父母要我去做就不想做了http://t.cn/RoePEjW  ,,无,无,无,2020-08-17 22:30,Emoticon发布工具,9,0,6
JgmZ55cOI,希望新生有玩风暴英雄的，球球了http://t.cn/RoePEjW  ,,无,无,无,2020-08-17 21:00,Emoticon发布工具,2,0,3
JgmPj0Smr,28日下午一点潮汕站拼车三缺一有木有小伙伴http://t.cn/RoePEjW  ,,无,无,无,2020-08-17 20:36,Emoticon发布工具,0,0,5
JgmMSjPFh,想问一下大家知道现在有没有新生群http://t.cn/RoePEjW  ,,无,无,无,2020-08-17 20:30,Emoticon发布工具,2,0,6
JgmAI8CbX,为啥现在还有那么多在外面租房的，已经确定了封闭式管理啊，自己去看oa吧http://t.cn/RoePEjW  ,,无,无,无,2020-08-17 20:00,Emoticon发布工具,5,0,5
JgmvP3FKw,压力一大就想谈恋爱http://t.cn/RoePEjW  ,,无,无,无,2020-08-17 19:48,Emoticon发布工具,11,0,15
Jgmtnshbl,真的人傻了，到现在老师还是不知道你们班什么时候能回来上课，想问一下还有没有其他也一样惨的http://t.cn/RoePEjW  ,,无,无,无,2020-08-17 19:42,Emoticon发布工具,1,0,0
JglzmuXtm,咖啡真的那么好喝吗！！以前喝过一次，感觉像凉茶一样好苦啊http://t.cn/RoePEjW  ,,无,无,无,2020-08-17 17:24,Emoticon发布工具,9,0,30
Jgls3wFYF,读到老舍先生的一句话，惊艳了——生活是种律动，须有光有影，有左有右，有晴有雨，滋味就含在这变而不猛的曲折里。http://t.cn/RoePEjW  ,,无,无,无,2020-08-17 17:06,Emoticon发布工具,6,0,1
JglpEzQP0,严肃一问：直男被其他男的霸王硬上弓了会有什么后果？http://t.cn/RoePEjW  ,,无,无,无,2020-08-17 17:00,Emoticon发布工具,18,0,12
Jglb0ybic,28号返校的需要提前打卡，提交申请吗？http://t.cn/RoePEjW  ,,无,无,无,2020-08-17 16:24,Emoticon发布工具,0,0,4
Jgl68ubVx,太喜欢吃了怎么办……虽然没吃胖，但是钱包吃空了，嘴巴里空空的就想吃零食，忍住不吃真的会超级不开心，注意力不集中，脑袋里都是吃的……但是我妈明令禁止我不许吃零食说不健康，发现又要被骂……待在家里真的好煎熬……一天都不行了呜呜呜http://t.cn/RoePEjW  ,,无,无,无,2020-08-17 16:12,Emoticon发布工具,9,0,12
Jgl3IaqUB,有跟我一样要带两个箱子上高铁的吗？心里想好过点http://t.cn/RoePEjW  ,,无,无,无,2020-08-17 16:06,Emoticon发布工具,2,0,9
JgkKdyk7i,你为他拒绝了所有暧昧，她却以为你没人要http://t.cn/RoePEjW  ,,无,无,无,2020-08-17 15:18,Emoticon发布工具,4,0,2
JgkHMzDQj,为什么餐馆里辣的菜式都比较便宜http://t.cn/RoePEjW  ,,无,无,无,2020-08-17 15:12,Emoticon发布工具,1,0,1
JgkvBxpdS,军训可以戴手表吗http://t.cn/RoePEjW  ,,无,无,无,2020-08-17 14:42,Emoticon发布工具,4,0,6
Jgktbvd25,所以你只是利用我，拿我当备胎吗http://t.cn/RoePEjW  ,,无,无,无,2020-08-17 14:36,Emoticon发布工具,2,0,4
JgklSfmDi,我吐了，现在的树洞怎么了成这样？打开大都是各种负能量，各种阴阳怪气，各种钓鱼送马，这是闲着憋坏了还是对树洞有什么误解？  臭弟弟臭妹妹，快去翻翻几年前的树洞是怎样的，不乖回去一个个头给你掰断！去，快，马上！ http://t.cn/RoePEjW  ,,无,无,无,2020-08-17 14:18,Emoticon发布工具,4,0,21
Jgkh0fMJt,有没有哪位小姐姐下学期不在学校住可以租借床位的，求一个！价格可商议 （考研需要，本人无不良嗜好）http://t.cn/RoePEjW  ,,无,无,无,2020-08-17 14:06,Emoticon发布工具,1,1,0
Jgk2oyFcT,有汕大文学院的研究生学长学姐吗，有考研的问题想要咨询啊！http://t.cn/RoePEjW  ,,无,无,无,2020-08-17 13:30,Emoticon发布工具,3,0,2
JgjV5vZ4R,柚木被抓真正原因是钱没谈合拢http://t.cn/RoePEjW  ,,无,无,无,2020-08-17 13:12,Emoticon发布工具,1,0,1
JgjGt1ohi,答应我，别吃了，吃指甲盖补钙嘛？？？http://t.cn/RoePEjW  ,,无,无,无,2020-08-17 12:36,Emoticon发布工具,2,0,1
JgjE3adm2,真的很喜欢树洞 觉得特别有意思 每天都会来树洞逛逛虽然最近大家争议比较多，但每次看到一些可爱的评论 我都感觉好快乐哈哈哈哈哈http://t.cn/RoePEjW  ,,无,无,无,2020-08-17 12:30,Emoticon发布工具,13,0,1
Jgjpq2QDh,很讨厌撞衫撞鞋，以至于买了一双timberland一直没有穿（认识的人中已经有人穿了）真的很痛苦http://t.cn/RoePEjW  ,,无,无,无,2020-08-17 11:54,Emoticon发布工具,0,0,10
Jgjkxm8X9,有点讨厌妹妹模仿我……http://t.cn/RoePEjW  ,,无,无,无,2020-08-17 11:42,Emoticon发布工具,2,0,5
Jgji6mlKN,见不得别人好是怎么回事http://t.cn/RoePEjW  ,,无,无,无,2020-08-17 11:36,Emoticon发布工具,6,0,6
JgjaO1Uly,感到无聊，但有一堆事情要做又不想做，如何解决http://t.cn/RoePEjW  ,,无,无,无,2020-08-17 11:18,Emoticon发布工具,3,0,5
Jgj5W4xcl,想问一下，封闭管理的话还能去其他书院串门吗，是不是还得登记或者直接不能进？不让我出校门算了，我还能去找男朋友耍不？http://t.cn/RoePEjW  ,,无,无,无,2020-08-17 11:06,Emoticon发布工具,12,0,13
JgiYCss6J,我们学校有没有有关汉服的组织？http://t.cn/RoePEjW  ,,无,无,无,2020-08-17 10:48,Emoticon发布工具,3,1,7
JgiTL4uw3,河南一刑案嫌犯在逃 警方：报复心强，随时有行凶可能！http://t.cn/RoePEjW  ,,无,无,无,2020-08-17 10:36,Emoticon发布工具,0,0,1
JgiRlfzrn,遇见一个对每个人都很好的人。http://t.cn/RoePEjW  ,,无,无,无,2020-08-17 10:30,Emoticon发布工具,9,1,5
JgiMs6eN1,学校全封闭，那小情侣们要去哪快乐呢？会不会变得像NBA米切尔和布朗那样http://t.cn/RoePEjW  ,,无,无,无,2020-08-17 10:18,Emoticon发布工具,2,0,4
JgiCI74Qh,咱们校内应该是禁烟的吧，要是路上有同学抽烟我可以要求他掐掉吗？http://t.cn/RoePEjW  ,,无,无,无,2020-08-17 09:54,Emoticon发布工具,41,0,16
JgixP8Ok9,鮀中路口出租房屋，短租、月租。出入方便，附近吃喝的店铺很多，可以方便地叫外卖，去福宁只要走路过去。闲置几个月不住，放着在烧钱，希望短租的同学可以找我吖，便宜转租，两三百每月，可议价~http://t.cn/RoePEjW  ,,无,无,无,2020-08-17 09:42,Emoticon发布工具,2,0,5
JgfmzoGwE,表白暖男谭张华，在夏日的夜晚小哥哥严谨细致的做事风格已经深深俘获我的少女心。http://t.cn/RoePEjW  ,,无,无,无,2020-08-17 01:36,Emoticon发布工具,4,0,4
Jgffh0XX9,你是我心中最可爱的女孩http://t.cn/RoePEjW  ,,无,无,无,2020-08-17 01:18,Emoticon发布工具,4,0,2
Jgf0ECH0t,汕医排名为啥降了那么多啊，也没干啥堕落的事呀呜呜呜http://t.cn/RoePEjW  ,,无,无,无,2020-08-17 00:42,Emoticon发布工具,20,1,22
JgeQV36Nt,老天保佑老天保佑 让我的新舍友都爱吃螺狮粉吧！！开学封闭 我有了一些危险的想法…http://t.cn/RoePEjW  ,,无,无,无,2020-08-17 00:18,Emoticon发布工具,10,0,3
JgeM3l7MN,回校后想寻找模特约拍一组校园写真http://t.cn/RoePEjW  ,,无,无,无,2020-08-17 00:06,Emoticon发布工具,7,0,22
JgeJDwcn3,最近想买阿迪一件299的短袖，tb价格是189，在酷动城上的，我又怕买到假的，家庭条件一般，我好纠结，我想问品牌短袖和普通几十块的短袖有什么区别呢？真心问http://t.cn/RoePEjW  ,,无,无,无,2020-08-17 00:00,Emoticon发布工具,10,0,30
JgeCOF941,那些在招生群一直劝退别人的人现在竟然在吐槽排名变低了。。。。。这不是他们想要的吗。。。。。http://t.cn/RoePEjW  ,,无,无,无,2020-08-16 23:43,Emoticon发布工具,30,0,12
Jgeq8n2wz,转租房间，短租可月租，一个月两三百，有意者私聊呀（要求女生）http://t.cn/RoePEjW  ,,无,无,无,2020-08-16 23:12,Emoticon发布工具,0,0,2
JgenJqg2U,你们分辨得出别人穿的阿迪或者nike是莆田货还是正品吗？求指教http://t.cn/RoePEjW  ,,无,无,无,2020-08-16 23:06,Emoticon发布工具,21,0,20
JgeiP4XZf,话说，大家知道cuba开打了吗？汕大第一场赢了！！http://t.cn/RoePEjW  ,,无,无,无,2020-08-16 22:54,Emoticon发布工具,16,0,4
Jgego6jHe,不想父母“帮”我太多，比如帮忙付首付，动关系找个好工作......他们付出得越多，我就会被套得越牢，那么这一辈子就毁了，我将处在他们的控制之下，并且以后当我想反抗之时，只会背负“不孝子，我辛辛苦苦为你付出了那么多，帮你买房找工作，你连我的话都不听”的罪名。http://t.cn/RoePEjW  ,,无,无,无,2020-08-16 22:48,Emoticon发布工具,20,0,12
Jge95F3KH,有缓考的同学申请返校成功了么？我提交申请很久了，一直都显示待审核，有点捉急。http://t.cn/RoePEjW  ,,无,无,无,2020-08-16 22:30,Emoticon发布工具,1,0,1
Jge4Q7Cw4,对于已经工作的汕大人来说，汕大排名已经不会影响我找工作了，你们可以使劲地黑汕大，哈哈哈，反正恶果都是还没工作的你们来承担，反正口嗨可以一时爽。http://t.cn/RoePEjW  ,,无,无,无,2020-08-16 22:19,Emoticon发布工具,67,0,12
Jge4dnPOM,怎么撩你啊，好难，总是不理我。。。http://t.cn/RoePEjW  ,,无,无,无,2020-08-16 22:18,Emoticon发布工具,4,0,5
JgdZl2gqZ,到底什么时候开学啊，再不通知就买不到票了http://t.cn/RoePEjW  ,,无,无,无,2020-08-16 22:06,Emoticon发布工具,3,0,4
Jgdf8w2Oa,虽然今年理工学院很多都在过渡校区，但没理由不招同专业的导生吧？只找过渡校区的志愿者也不是很了解专业吧，本部理工学院的也挺多人想当导生的啊http://t.cn/RoePEjW  ,,无,无,无,2020-08-16 20:12,Emoticon发布工具,3,0,7
Jgd7LafoX,突然发现一个事情，这么久没回去好像不知道怎么走讲堂了，哪边g哪边d来着http://t.cn/RoePEjW  ,,无,无,无,2020-08-16 19:54,Emoticon发布工具,2,0,5
Jgd5jzVT4,汕大没落了，32000-42000-49000还能再低点吗？ http://t.cn/RoePEjW  ,,无,无,无,2020-08-16 19:48,Emoticon发布工具,81,0,38
JgcVz2GAi,出iPad2018 128g 背面金色 正面白色，带pencil，2300元，无拆装无修理无磕碰，有盒子有充电器有保修单，买来是用来上课做过笔记，两星期左右，然后一直没用了，功能一切正常，已装好了近30款学习软件。http://t.cn/RoePEjW  ,,无,无,无,2020-08-16 19:24,Emoticon发布工具,4,0,16
JgcT9apZ0,汕大高考投档线排位又降了。。。http://t.cn/RoePEjW  ,,无,无,无,2020-08-16 19:18,Emoticon发布工具,2,0,6
JgcJofP8W,一想到封闭式管理就好烦躁好压抑http://t.cn/RoePEjW  ,,无,无,无,2020-08-16 18:54,Emoticon发布工具,2,0,11
JgcGXkqUz,哪里有租三轮电动敞篷车，我打算去用来搬宿舍…http://t.cn/RoePEjW  ,,无,无,无,2020-08-16 18:48,Emoticon发布工具,4,0,4
JgcxeeuZE,仔细想想为什么总是跟别人说我没有朋友，我始终不配。交换礼物的时候我给你买了典藏的笔记本，换来的是两个巴掌大的贴纸，那一刻我等待的惊喜全都化成灰烬，你可以不送的。是我太玻璃心了吗。http://t.cn/RoePEjW  ,,无,无,无,2020-08-16 18:24,Emoticon发布工具,3,0,4
JgcslB7PU,考研复习也太累了 复到哭了 唉http://t.cn/RoePEjW  ,,无,无,无,2020-08-16 18:12,Emoticon发布工具,17,0,5
JgcpVcWT3,东门要是不开，学校就那间小超市岂不是要坐地起价啦http://t.cn/RoePEjW  ,,无,无,无,2020-08-16 18:06,Emoticon发布工具,11,0,6
Jgc1yFE04,请问有知道今年的研究生宿舍是在哪里的吗？http://t.cn/RoePEjW  ,,无,无,无,2020-08-16 17:06,Emoticon发布工具,0,0,1
JgbRP1CQD,问问回学校的朋友们：衣服和鞋子发霉了吗？宿舍蟑螂多不多？http://t.cn/RoePEjW  ,,无,无,无,2020-08-16 16:42,Emoticon发布工具,3,0,4
JgbylhDoL,果汁冰和鸡公煲是唯二让我有期待回学校的东西了，但封闭管理还能不能去东门恰鸡公煲啊啊啊http://t.cn/RoePEjW  ,,无,无,无,2020-08-16 15:54,Emoticon发布工具,4,0,11
JgbmaAgsl,好想谈恋爱啊，从小到大没被男生表白过。http://t.cn/RoePEjW  ,,无,无,无,2020-08-16 15:24,Emoticon发布工具,22,0,15
JgbhigToe,再不开学家庭关系就要破裂了☹️☹️☹️http://t.cn/RoePEjW  ,,无,无,无,2020-08-16 15:12,Emoticon发布工具,5,0,2
JgbeRicvo,不是吧！不是吧！树洞吞的字也太多了吧http://t.cn/RoePEjW  ,,无,无,无,2020-08-16 15:06,Emoticon发布工具,1,0,1
JgaXO10qS,军训15天建议买几双鞋垫啊http://t.cn/RoePEjW  ,,无,无,无,2020-08-16 14:24,Emoticon发布工具,0,0,9
JgaJcpnsZ,有什么办法可以提高摄影技术吗，每次帮别人拍照，拍出来的图片都一样难尽，连拍美食鳄鱼拍得不好看http://t.cn/RoePEjW  ,,无,无,无,2020-08-16 13:48,Emoticon发布工具,5,0,11
JgaBTpZNZ,有人知道教师资格证啥时候开始考试吗http://t.cn/RoePEjW  ,,无,无,无,2020-08-16 13:30,Emoticon发布工具,0,0,3
JgazskICS,千寻真的好可爱，现实中有这样的女孩子吧http://t.cn/RoePEjW  ,,无,无,无,2020-08-16 13:24,Emoticon发布工具,0,0,2
Jg9tgw980,转租房间，地点鮀浦（距离超市和菜市场都很近），适宜考研、非单身、不喜欢集体宿舍生活的同学。有厨房（锅碗瓢盆等厨具皆有）、浴室、洗衣机、冰箱、空调等，学习累了，还可以撸猫放松。房租每月350，评论，私聊。http://t.cn/RoePEjW  ,,无,无,无,2020-08-16 10:36,Emoticon发布工具,3,0,12
Jg9l8ka9b,想问一下今年真的不可以让家长开车进学校吗？我家是离学校有点远的然后本人习惯把很多东西（所有的衣服被子床垫啥的）放假就带回家然后开学带回学校，之前是有爸妈帮忙搬东西到宿舍里，如果不能开车把东西拉进学校我一个住明德的怕不是要当场暴毙（sad）  ,,无,无,无,2020-08-16 10:16,微博 weibo.com,4,0,18
Jg99Mf9J5,学校图书馆开了吗 可以进去自习吗 或者还书怎么还勒http://t.cn/RoePEjW  ,,无,无,无,2020-08-16 09:48,Emoticon发布工具,0,0,4
Jg94ThXUu,上学期走的时候看到加油站在装修，现在加油站可以了吗。（在m记旁边那个）还有一个问题，现在还可以出去加油吗*-*http://t.cn/RoePEjW  ,,无,无,无,2020-08-16 09:36,Emoticon发布工具,1,0,4
Jg92txp3Z,能不能从天而降一个帅哥啊http://t.cn/RoePEjW  ,,无,无,无,2020-08-16 09:30,Emoticon发布工具,18,0,17
Jg8XAiBnM,讲道理封闭管理就封学生，教师、教职工和家属、食堂工作人员等都随便进出，这是觉得病毒都是学生传染的，？http://t.cn/RoePEjW  ,,无,无,无,2020-08-16 09:18,Emoticon发布工具,39,0,11
Jg6hZuDuF,想问一下大家如何处理掉不需要的大件毛绒玩具？有什么比扔进垃圾场更好的办法吗？（闲鱼也卖不掉那种）或者汕大附近有可以放这种的地方吗！http://t.cn/RoePEjW  ,,无,无,无,2020-08-16 02:30,Emoticon发布工具,16,0,7
Jg6aFxE0N,一方面我觉得我极度自卑，另一方面我感觉我有时候又很自命不凡，我这是怎么了http://t.cn/RoePEjW  ,,无,无,无,2020-08-16 02:12,Emoticon发布工具,16,0,6
Jg65Q1FDg,分手后看以前自己发的朋友圈，恨不得打自己脸蛋两个响亮的耳光……简直太tm恶心了…还自我欣赏天造地设的一对，放p去吧，赶快毕业吧！我是疯了以前才会发这么些朋友圈，抓狂啊，希望没人记得我发的朋友圈……http://t.cn/RoePEjW  ,,无,无,无,2020-08-16 02:00,Emoticon发布工具,0,0,5
Jg5OLxbZH,可以直接10.9再回学校吗？胆子大一枚在此http://t.cn/RoePEjW  ,,无,无,无,2020-08-16 01:18,Emoticon发布工具,18,0,11
Jg5AasNfL,刚喝了青柠味的ROV，除了味道不咋滴，脸有点热，没啥感觉了。可惜我还是体会不到喝酒的快乐啊(*꒦ິ⌓꒦ີ)http://t.cn/RoePEjW  ,,无,无,无,2020-08-16 00:42,Emoticon发布工具,1,0,4
Jg5vjgXBn,昨天：宝贝我觉得你越来越融入我的生活，好像身上一块肉。 今天：减肥。http://t.cn/RoePEjW  ,,无,无,无,2020-08-16 00:30,Emoticon发布工具,5,0,1
Jg5j9bi26,有没有明德的小姐姐知道书桌尺寸？我真的好想赶紧买桌布啊啊啊啊http://t.cn/RoePEjW  ,,无,无,无,2020-08-16 00:00,Emoticon发布工具,3,1,1
Jg5gGcVSd,接上军训怕被晒出眼镜印子的，之前医生说我眼睛不适合戴隐形眼镜，摘掉眼镜的话又看不清，五六百的度数，摘了眼镜基本等同与瞎子，太难了http://t.cn/RoePEjW  ,,无,无,无,2020-08-15 23:54,Emoticon发布工具,3,0,16
Jg56Wvnpm,妹妹今年被中央美术院录取了，我家终于有个有出息的了http://t.cn/RoePEjW  ,,无,无,无,2020-08-15 23:30,Emoticon发布工具,69,0,25
Jg525jxpH,想问一下，有没有师兄出单车http://t.cn/RoePEjW  ,,无,无,无,2020-08-15 23:18,Emoticon发布工具,1,0,2
Jg4UM5QOA,长辈：能吃是福  我内心：这福气给你要不要http://t.cn/RoePEjW  ,,无,无,无,2020-08-15 23:00,Emoticon发布工具,7,0,3
Jg4SkvwJr,没想到我也有被强行集资薅羊毛的时候，关键还是送给几乎没交集的人，老师同学至少还有点相处情宜。你的钱是大风刮来的，我的钱又不是。好羡慕那些不舒服就怼回去的人，气死自己，假装看不到还私聊找我，你既然那么有钱何不补上薅我的那份。（对不起洞友，一点负能量）http://t.cn/RoePEjW  ,,无,无,无,2020-08-15 22:54,Emoticon发布工具,0,0,2
Jg4DJ44y2,已经回到学校，为什么我网线连了校园网然后没反应，不是没套餐的那种，而是那种没连接http://t.cn/RoePEjW  ,,无,无,无,2020-08-15 22:18,Emoticon发布工具,1,0,5
Jg4yQsRcf,好害怕军训被晒出眼镜的印子http://t.cn/RoePEjW  ,,无,无,无,2020-08-15 22:06,Emoticon发布工具,2,0,9
Jg4wpfQ9k,人不求人一般大。http://t.cn/RoePEjW  ,,无,无,无,2020-08-15 22:00,Emoticon发布工具,0,0,0
Jg4hNg00q,我的热情换来的是满腔的失望，有点累了，可能我们真的不来就不适合吧http://t.cn/RoePEjW  ,,无,无,无,2020-08-15 21:24,Emoticon发布工具,0,0,2
Jg4flEBxD,大学封闭管理不是国家的疫情防控要求吗？为啥大家都在杠学校？http://t.cn/RoePEjW  ,,无,无,无,2020-08-15 21:18,Emoticon发布工具,17,0,8
Jg484tUwK,呜呜呜 结果那个姐姐不是刘心悠 有点点难受了 然后又要开始全网寻找女明星了嘛？http://t.cn/RoePEjW  ,,无,无,无,2020-08-15 21:00,Emoticon发布工具,0,0,0
Jg45Ciaqy,为什么大家都蹲得到妹子？我在步行街遇到的要么带着男友，要么连看都不看我一下。我好孤单啊啊啊http://t.cn/RoePEjW  ,,无,无,无,2020-08-15 20:54,Emoticon发布工具,15,0,9
Jg3TqDcQG,封闭式管理如何逃出去见女朋友…坐标广州http://t.cn/RoePEjW  ,,无,无,无,2020-08-15 20:24,Emoticon发布工具,19,1,15
Jg3M7DRrc,19级叠金同学的宿舍具体安排什么时候出来啊http://t.cn/RoePEjW  ,,无,无,无,2020-08-15 20:06,Emoticon发布工具,0,0,1
Jg3JIw1FE,想问下大家等9月回去宿舍床垫会发霉 有虫子吗？以及宿舍柜子里的衣服还能穿吗？谢谢http://t.cn/RoePEjW  ,,无,无,无,2020-08-15 20:00,Emoticon发布工具,5,0,11
Jg3ColOqv,怎么抵御美容院的推销啊，每次去洗脸，清洁面部，最后都会说办个99三次的卡吧，学生价很便宜的，然后买了一次又一次，那个人一直叫我妹妹，不买又不好意思。买又花呗支付，说趁现在在这里，便宜买下没什么http://t.cn/RoePEjW  ,,无,无,无,2020-08-15 19:42,Emoticon发布工具,9,0,10
Jg3xvrUAV,不要钓了，不要钓了，鱼塘里全是钩子，一只鱼也没有了http://t.cn/RoePEjW  ,,无,无,无,2020-08-15 19:30,Emoticon发布工具,1,0,1
Jg3v6dtD6,电脑买不到半年，现在开机一直卡在这里，半小时http://t.cn/RoePEjW  原图 ,,http://wx3.sinaimg.cn/large/a54e2070ly1ghrpvxbkvrj20u00u01l0.jpg,无,无,2020-08-15 19:24,Emoticon发布工具,2,0,10
Jg3llETzI,果然，女性是可以没有生理需求的，但男性不行，毕竟女性的性快感是人类进化到现在才拥有的，而且需要引导才能渐渐有感觉，自然远不如男性的热烈http://t.cn/RoePEjW  ,,无,无,无,2020-08-15 19:00,Emoticon发布工具,23,0,14
Jg3gt67EC,28号要注册，可以27号提前到宿舍吗http://t.cn/RoePEjW  ,,无,无,无,2020-08-15 18:48,Emoticon发布工具,1,0,5
Jg34i7b9W,哦豁确定封闭管理，准备抑郁。http://t.cn/RoePEjW  ,,无,无,无,2020-08-15 18:18,Emoticon发布工具,1,0,7
Jg2Uy2wOc,走的时候觉得只回家20多天，床就只像平时一样叠好，没有收进袋子。爸妈叫我整套扔了重买套。emmm想问问大家觉得需要吗http://t.cn/RoePEjW  ,,无,无,无,2020-08-15 17:54,Emoticon发布工具,6,0,10
Jg2PG2Xy3,豆瓣艺人姐姐和小孩意难平的故事，被刘心悠官方辟谣了姐姐不是她，我已经脑内自动带入她本人有两年多了诶d(ŐдŐ๑)http://t.cn/RoePEjW  ,,无,无,无,2020-08-15 17:42,Emoticon发布工具,9,0,5
Jg2Nf6u0m,回到学校的感觉不要太好，去操场跑跑步打打球，到自习室学习，学累了去校道蹲蹲妹子，哈哈哈，坐在宿舍居然不用空调，食堂的饭菜居然感觉很可口，妈呀，感觉在学校呆一辈子真的很舒服，哪里又会这么好的居住环境，空气质量，健身养生啥都有，离开学校跑个步都没橡胶跑道http://t.cn/RoePEjW  ,,无,无,无,2020-08-15 17:36,Emoticon发布工具,13,0,11
Jg2yD5zqZ,研究生宿舍分配什么时候公布http://t.cn/RoePEjW  ,,无,无,无,2020-08-15 17:00,Emoticon发布工具,0,0,1
Jg2rk55AX,家里比较穷适合谈女朋友吗，常常很自卑http://t.cn/RoePEjW  ,,无,无,无,2020-08-15 16:42,Emoticon发布工具,25,0,9
Jg2oTrheP,男朋友不告诉别人自己有女朋友，还把微信备注改成了他同学，生怕其他人看到，甚至有人撩他拍他的头也不告诉我，而且还有点自喜。唉，我还要继续这段感情吗？http://t.cn/RoePEjW  ,,无,无,无,2020-08-15 16:36,Emoticon发布工具,7,0,5
Jg2hAbreB,这世间本就是各人下雪，各有各的皎洁和隐晦。http://t.cn/RoePEjW  ,,无,无,无,2020-08-15 16:18,Emoticon发布工具,17,0,0
Jg2cInW87,1500出个台式电脑+三星23.5的曲面屏 显卡1050ti4g，16g内存条，i5 6代 之前毕业回校被我拆了风扇后开不了机，估计是主板或者没硅脂了，拆开卖都不亏，坐标思源http://t.cn/RoePEjW  ,,无,无,无,2020-08-15 16:06,Emoticon发布工具,0,0,8
Jg2ajf1Ac,有人想收ipad air3 256g的么，箱说全，带pencil，4400出，有意愿可以详聊 还有一个sony的wf1000xm3耳机比较好但是耳机盒成色较差500出可刀，想要评论我私聊你呀http://t.cn/RoePEjW  ,,无,无,无,2020-08-15 16:00,Emoticon发布工具,0,0,10
Jg1uSsRbO,男生为什么压力就应该那么大http://t.cn/RoePEjW  ,,无,无,无,2020-08-15 14:18,Emoticon发布工具,5,0,4
Jg1l8sCbj,我的天哪！床板下长蘑菇震惊到我了！比到处是衣鱼虫（大概是吧）还要！祈祷咱们的没事http://t.cn/RoePEjW  ,,无,无,无,2020-08-15 13:54,Emoticon发布工具,3,0,8
Jg1gh94yh,选定一个就好http://t.cn/RoePEjW  原图 ,,http://wx3.sinaimg.cn/large/a54e2070ly1ghrg028seoj20dw099jrp.jpg,无,无,2020-08-15 13:42,Emoticon发布工具,0,0,0
Jg18Xy5yL,近邻宝现在是在弘毅那边吗？除了邮政的其他快递是都放在近邻宝吗？http://t.cn/RoePEjW  ,,无,无,无,2020-08-15 13:24,Emoticon发布工具,0,0,2
Jg16wtVcd,19级住本部的可以30号返校吗http://t.cn/RoePEjW  ,,无,无,无,2020-08-15 13:18,Emoticon发布工具,2,0,3
Jg11EzQmh,中文系有师弟师妹想找私立学校实习的吗？在汕头潮阳区哦。http://t.cn/RoePEjW  ,,无,无,无,2020-08-15 13:06,Emoticon发布工具,1,0,2
